date,sunrise,sunset
2026-01-01,08:45,16:34
2026-01-02,08:45,16:35
2026-01-03,08:45,16:36
2026-01-04,08:44,16:37
2026-01-05,08:44,16:38
2026-01-06,08:44,16:40
2026-01-07,08:43,16:41
2026-01-08,08:43,16:42
2026-01-09,08:42,16:44
2026-01-10,08:42,16:45
2026-01-11,08:41,16:47
2026-01-12,08:40,16:48
2026-01-13,08:39,16:50
2026-01-14,08:39,16:51
2026-01-15,08:38,16:53
2026-01-16,08:37,16:54
2026-01-17,08:36,16:56
2026-01-18,08:35,16:58
2026-01-19,08:34,17:00
2026-01-20,08:33,17:01
2026-01-21,08:31,17:03
2026-01-22,08:30,17:05
2026-01-23,08:29,17:07
2026-01-24,08:28,17:08
2026-01-25,08:26,17:10
2026-01-26,08:25,17:12
2026-01-27,08:24,17:14
2026-01-28,08:22,17:15
2026-01-29,08:21,17:17
2026-01-30,08:19,17:19
2026-01-31,08:18,17:21
2026-02-01,08:16,17:23
2026-02-02,08:15,17:25
2026-02-03,08:13,17:27
2026-02-04,08:11,17:28
2026-02-05,08:10,17:30
2026-02-06,08:08,17:32
2026-02-07,08:06,17:34
2026-02-08,08:04,17:36
2026-02-09,08:02,17:38
2026-02-10,08:00,17:40
2026-02-11,07:59,17:42
2026-02-12,07:57,17:44
2026-02-13,07:55,17:46
2026-02-14,07:53,17:47
2026-02-15,07:51,17:49
2026-02-16,07:49,17:51
2026-02-17,07:47,17:53
2026-02-18,07:45,17:55
2026-02-19,07:43,17:57
2026-02-20,07:41,17:59
2026-02-21,07:39,18:00
2026-02-22,07:37,18:02
2026-02-23,07:35,18:04
2026-02-24,07:32,18:06
2026-02-25,07:30,18:08
2026-02-26,07:28,18:10
2026-02-27,07:26,18:12
2026-02-28,07:24,18:13
2026-03-01,07:21,18:15
2026-03-02,07:19,18:17
2026-03-03,07:17,18:19
2026-03-04,07:15,18:21
2026-03-05,07:12,18:23
2026-03-06,07:10,18:24
2026-03-07,07:08,18:26
2026-03-08,07:06,18:28
2026-03-09,07:04,18:30
2026-03-10,07:01,18:31
2026-03-11,06:59,18:33
2026-03-12,06:57,18:35
2026-03-13,06:54,18:37
2026-03-14,06:52,18:39
2026-03-15,06:50,18:40
2026-03-16,06:47,18:42
2026-03-17,06:45,18:44
2026-03-18,06:43,18:46
2026-03-19,06:40,18:47
2026-03-20,06:38,18:49
2026-03-21,06:36,18:51
2026-03-22,06:33,18:53
2026-03-23,06:31,18:54
2026-03-24,06:29,18:56
2026-03-25,06:26,18:58
2026-03-26,06:24,19:00
2026-03-27,06:22,19:01
2026-03-28,06:19,19:03
2026-03-29,06:17,19:05
2026-03-30,06:15,19:06
2026-03-31,06:12,19:08
2026-04-01,06:10,19:10
2026-04-02,06:08,19:12
2026-04-03,06:06,19:13
2026-04-04,06:03,19:15
2026-04-05,06:01,19:17
2026-04-06,05:59,19:19
2026-04-07,05:56,19:20
2026-04-08,05:54,19:22
2026-04-09,05:52,19:24
2026-04-10,05:49,19:26
2026-04-11,05:47,19:27
2026-04-12,05:45,19:29
2026-04-13,05:43,19:31
2026-04-14,05:40,19:32
2026-04-15,05:38,19:34
2026-04-16,05:36,19:36
2026-04-17,05:34,19:38
2026-04-18,05:32,19:39
2026-04-19,05:30,19:41
2026-04-20,05:27,19:43
2026-04-21,05:25,19:44
2026-04-22,05:23,19:46
2026-04-23,05:21,19:48
2026-04-24,05:19,19:50
2026-04-25,05:17,19:51
2026-04-26,05:15,19:53
2026-04-27,05:13,19:55
2026-04-28,05:11,19:57
2026-04-29,05:09,19:58
2026-04-30,05:07,20:00
2026-05-01,05:05,20:02
2026-05-02,05:03,20:03
2026-05-03,05:01,20:05
2026-05-04,04:59,20:07
2026-05-05,04:57,20:08
2026-05-06,04:56,20:10
2026-05-07,04:54,20:12
2026-05-08,04:52,20:13
2026-05-09,04:50,20:15
2026-05-10,04:49,20:17
2026-05-11,04:47,20:18
2026-05-12,04:45,20:20
2026-05-13,04:44,20:21
2026-05-14,04:42,20:23
2026-05-15,04:41,20:25
2026-05-16,04:39,20:26
2026-05-17,04:38,20:28
2026-05-18,04:36,20:29
2026-05-19,04:35,20:31
2026-05-20,04:33,20:32
2026-05-21,04:32,20:34
2026-05-22,04:31,20:35
2026-05-23,04:29,20:36
2026-05-24,04:28,20:38
2026-05-25,04:27,20:39
2026-05-26,04:26,20:40
2026-05-27,04:25,20:42
2026-05-28,04:24,20:43
2026-05-29,04:23,20:44
2026-05-30,04:22,20:45
2026-05-31,04:21,20:46
2026-06-01,04:20,20:48
2026-06-02,04:19,20:49
2026-06-03,04:19,20:50
2026-06-04,04:18,20:51
2026-06-05,04:17,20:52
2026-06-06,04:17,20:53
2026-06-07,04:16,20:54
2026-06-08,04:16,20:54
2026-06-09,04:15,20:55
2026-06-10,04:15,20:56
2026-06-11,04:14,20:57
2026-06-12,04:14,20:57
2026-06-13,04:14,20:58
2026-06-14,04:14,20:59
2026-06-15,04:14,20:59
2026-06-16,04:13,21:00
2026-06-17,04:13,21:00
2026-06-18,04:13,21:00
2026-06-19,04:14,21:01
2026-06-20,04:14,21:01
2026-06-21,04:14,21:01
2026-06-22,04:14,21:01
2026-06-23,04:14,21:01
2026-06-24,04:15,21:01
2026-06-25,04:15,21:01
2026-06-26,04:16,21:01
2026-06-27,04:16,21:01
2026-06-28,04:17,21:01
2026-06-29,04:17,21:01
2026-06-30,04:18,21:01
2026-07-01,04:19,21:00
2026-07-02,04:19,21:00
2026-07-03,04:20,20:59
2026-07-04,04:21,20:59
2026-07-05,04:22,20:58
2026-07-06,04:23,20:58
2026-07-07,04:24,20:57
2026-07-08,04:25,20:56
2026-07-09,04:26,20:56
2026-07-10,04:27,20:55
2026-07-11,04:28,20:54
2026-07-12,04:29,20:53
2026-07-13,04:30,20:52
2026-07-14,04:31,20:51
2026-07-15,04:32,20:50
2026-07-16,04:34,20:49
2026-07-17,04:35,20:48
2026-07-18,04:36,20:47
2026-07-19,04:38,20:46
2026-07-20,04:39,20:44
2026-07-21,04:40,20:43
2026-07-22,04:42,20:42
2026-07-23,04:43,20:40
2026-07-24,04:45,20:39
2026-07-25,04:46,20:37
2026-07-26,04:47,20:36
2026-07-27,04:49,20:35
2026-07-28,04:50,20:33
2026-07-29,04:52,20:31
2026-07-30,04:53,20:30
2026-07-31,04:55,20:28
2026-08-01,04:56,20:26
2026-08-02,04:58,20:25
2026-08-03,05:00,20:23
2026-08-04,05:01,20:21
2026-08-05,05:03,20:19
2026-08-06,05:04,20:17
2026-08-07,05:06,20:16
2026-08-08,05:08,20:14
2026-08-09,05:09,20:12
2026-08-10,05:11,20:10
2026-08-11,05:13,20:08
2026-08-12,05:14,20:06
2026-08-13,05:16,20:04
2026-08-14,05:17,20:02
2026-08-15,05:19,20:00
2026-08-16,05:21,19:58
2026-08-17,05:22,19:56
2026-08-18,05:24,19:54
2026-08-19,05:26,19:52
2026-08-20,05:27,19:50
2026-08-21,05:29,19:47
2026-08-22,05:31,19:45
2026-08-23,05:32,19:43
2026-08-24,05:34,19:41
2026-08-25,05:36,19:39
2026-08-26,05:37,19:36
2026-08-27,05:39,19:34
2026-08-28,05:41,19:32
2026-08-29,05:42,19:30
2026-08-30,05:44,19:27
2026-08-31,05:46,19:25
2026-09-01,05:47,19:23
2026-09-02,05:49,19:21
2026-09-03,05:50,19:18
2026-09-04,05:52,19:16
2026-09-05,05:54,19:14
2026-09-06,05:55,19:12
2026-09-07,05:57,19:09
2026-09-08,05:59,19:07
2026-09-09,06:00,19:05
2026-09-10,06:02,19:02
2026-09-11,06:04,19:00
2026-09-12,06:05,18:57
2026-09-13,06:07,18:55
2026-09-14,06:09,18:53
2026-09-15,06:10,18:50
2026-09-16,06:12,18:48
2026-09-17,06:14,18:46
2026-09-18,06:15,18:43
2026-09-19,06:17,18:41
2026-09-20,06:18,18:38
2026-09-21,06:20,18:36
2026-09-22,06:22,18:34
2026-09-23,06:23,18:31
2026-09-24,06:25,18:29
2026-09-25,06:27,18:27
2026-09-26,06:28,18:24
2026-09-27,06:30,18:22
2026-09-28,06:32,18:20
2026-09-29,06:33,18:17
2026-09-30,06:35,18:15
2026-10-01,06:37,18:13
2026-10-02,06:39,18:10
2026-10-03,06:40,18:08
2026-10-04,06:42,18:06
2026-10-05,06:44,18:03
2026-10-06,06:45,18:01
2026-10-07,06:47,17:59
2026-10-08,06:49,17:56
2026-10-09,06:51,17:54
2026-10-10,06:52,17:52
2026-10-11,06:54,17:50
2026-10-12,06:56,17:48
2026-10-13,06:57,17:45
2026-10-14,06:59,17:43
2026-10-15,07:01,17:41
2026-10-16,07:03,17:39
2026-10-17,07:04,17:37
2026-10-18,07:06,17:35
2026-10-19,07:08,17:32
2026-10-20,07:10,17:30
2026-10-21,07:12,17:28
2026-10-22,07:13,17:26
2026-10-23,07:15,17:24
2026-10-24,07:17,17:22
2026-10-25,07:19,17:20
2026-10-26,07:21,17:18
2026-10-27,07:22,17:16
2026-10-28,07:24,17:14
2026-10-29,07:26,17:12
2026-10-30,07:28,17:10
2026-10-31,07:30,17:08
2026-11-01,07:32,17:06
2026-11-02,07:33,17:04
2026-11-03,07:35,17:03
2026-11-04,07:37,17:01
2026-11-05,07:39,16:59
2026-11-06,07:41,16:57
2026-11-07,07:42,16:56
2026-11-08,07:44,16:54
2026-11-09,07:46,16:52
2026-11-10,07:48,16:51
2026-11-11,07:50,16:49
2026-11-12,07:51,16:48
2026-11-13,07:53,16:46
2026-11-14,07:55,16:45
2026-11-15,07:57,16:43
2026-11-16,07:59,16:42
2026-11-17,08:00,16:41
2026-11-18,08:02,16:39
2026-11-19,08:04,16:38
2026-11-20,08:05,16:37
2026-11-21,08:07,16:36
2026-11-22,08:09,16:34
2026-11-23,08:10,16:33
2026-11-24,08:12,16:32
2026-11-25,08:14,16:31
2026-11-26,08:15,16:30
2026-11-27,08:17,16:30
2026-11-28,08:18,16:29
2026-11-29,08:20,16:28
2026-11-30,08:21,16:27
2026-12-01,08:23,16:27
2026-12-02,08:24,16:26
2026-12-03,08:25,16:25
2026-12-04,08:27,16:25
2026-12-05,08:28,16:24
2026-12-06,08:29,16:24
2026-12-07,08:31,16:24
2026-12-08,08:32,16:23
2026-12-09,08:33,16:23
2026-12-10,08:34,16:23
2026-12-11,08:35,16:23
2026-12-12,08:36,16:23
2026-12-13,08:37,16:23
2026-12-14,08:38,16:23
2026-12-15,08:39,16:23
2026-12-16,08:40,16:23
2026-12-17,08:40,16:23
2026-12-18,08:41,16:23
2026-12-19,08:42,16:24
2026-12-20,08:42,16:24
2026-12-21,08:43,16:25
2026-12-22,08:43,16:25
2026-12-23,08:44,16:26
2026-12-24,08:44,16:27
2026-12-25,08:44,16:27
2026-12-26,08:45,16:28
2026-12-27,08:45,16:29
2026-12-28,08:45,16:30
2026-12-29,08:45,16:31
2026-12-30,08:45,16:31
2026-12-31,08:45,16:32
