timestamp,occupancy,aleksandra_home_share,paul_home_share,guests,indoor_temp_c,heating_setpoint_c,heat_pump_holiday_mode
2026-09-01T00:00:00+02:00,away,0.0,0.0,0,23.94,18.0,0
2026-09-01T01:00:00+02:00,away,0.0,0.0,0,23.81,18.0,0
2026-09-01T02:00:00+02:00,away,0.0,0.0,0,23.67,18.0,0
2026-09-01T03:00:00+02:00,away,0.0,0.0,0,23.54,18.0,0
2026-09-01T04:00:00+02:00,away,0.0,0.0,0,23.4,18.0,0
2026-09-01T05:00:00+02:00,away,0.0,0.0,0,23.26,18.0,0
2026-09-01T06:00:00+02:00,away,0.0,0.0,0,23.12,21.0,0
2026-09-01T07:00:00+02:00,away,0.0,0.0,0,23.04,21.0,0
2026-09-01T08:00:00+02:00,away,0.0,0.0,0,23.05,21.0,0
2026-09-01T09:00:00+02:00,away,0.0,0.0,0,23.19,21.0,0
2026-09-01T10:00:00+02:00,away,0.0,0.0,0,23.42,21.0,0
2026-09-01T11:00:00+02:00,away,0.0,0.0,0,23.72,21.0,0
2026-09-01T12:00:00+02:00,away,0.0,0.0,0,23.99,21.0,0
2026-09-01T13:00:00+02:00,home,0.67,0.0,0,24.17,21.0,0
2026-09-01T14:00:00+02:00,home,1.0,0.0,0,24.4,21.0,0
2026-09-01T15:00:00+02:00,home,1.0,0.0,0,24.38,21.0,0
2026-09-01T16:00:00+02:00,home,1.0,0.0,0,24.42,21.0,0
2026-09-01T17:00:00+02:00,home,1.0,0.0,0,24.51,21.0,0
2026-09-01T18:00:00+02:00,home,1.0,0.0,0,24.38,21.0,0
2026-09-01T19:00:00+02:00,home,1.0,0.0,0,24.27,21.0,0
2026-09-01T20:00:00+02:00,home,1.0,0.0,0,24.04,21.0,0
2026-09-01T21:00:00+02:00,home,1.0,0.0,0,23.84,21.0,0
2026-09-01T22:00:00+02:00,home,1.0,0.0,0,23.66,19.5,0
2026-09-01T23:00:00+02:00,home,1.0,0.0,0,23.46,18.0,0
2026-09-02T00:00:00+02:00,home,1.0,0.0,0,23.33,18.0,0
2026-09-02T01:00:00+02:00,home,1.0,0.0,0,23.2,18.0,0
2026-09-02T02:00:00+02:00,home,1.0,0.0,0,23.06,18.0,0
2026-09-02T03:00:00+02:00,home,1.0,0.0,0,22.92,18.0,0
2026-09-02T04:00:00+02:00,home,1.0,0.0,0,22.76,18.0,0
2026-09-02T05:00:00+02:00,home,1.0,0.0,0,22.6,18.0,0
2026-09-02T06:00:00+02:00,home,1.0,0.0,0,22.46,21.0,0
2026-09-02T07:00:00+02:00,home,1.0,0.0,0,22.51,21.0,0
2026-09-02T08:00:00+02:00,away,0.25,0.0,0,22.53,21.0,0
2026-09-02T09:00:00+02:00,away,0.0,0.0,0,22.64,21.0,0
2026-09-02T10:00:00+02:00,away,0.0,0.0,0,22.86,21.0,0
2026-09-02T11:00:00+02:00,away,0.0,0.0,0,23.18,21.0,0
2026-09-02T12:00:00+02:00,away,0.0,0.0,0,23.52,21.0,0
2026-09-02T13:00:00+02:00,away,0.0,0.0,0,23.75,21.0,0
2026-09-02T14:00:00+02:00,away,0.0,0.0,0,23.92,21.0,0
2026-09-02T15:00:00+02:00,away,0.0,0.0,0,24.2,21.0,0
2026-09-02T16:00:00+02:00,away,0.0,0.0,0,24.46,21.0,0
2026-09-02T17:00:00+02:00,away,0.0,0.0,0,24.62,21.0,0
2026-09-02T18:00:00+02:00,away,0.0,0.0,0,24.67,21.0,0
2026-09-02T19:00:00+02:00,away,0.0,0.0,0,24.61,21.0,0
2026-09-02T20:00:00+02:00,away,0.0,0.0,0,24.47,21.0,0
2026-09-02T21:00:00+02:00,home,0.67,0.0,0,24.24,21.0,0
2026-09-02T22:00:00+02:00,home,1.0,0.0,0,23.86,19.5,0
2026-09-02T23:00:00+02:00,home,1.0,0.0,0,23.57,18.0,0
2026-09-03T00:00:00+02:00,home,1.0,0.0,0,23.39,18.0,0
2026-09-03T01:00:00+02:00,home,1.0,0.0,0,23.23,18.0,0
2026-09-03T02:00:00+02:00,home,1.0,0.0,0,23.05,18.0,0
2026-09-03T03:00:00+02:00,home,1.0,0.0,0,22.87,18.0,0
2026-09-03T04:00:00+02:00,home,1.0,0.0,0,22.67,18.0,0
2026-09-03T05:00:00+02:00,home,1.0,0.0,0,22.48,18.0,0
2026-09-03T06:00:00+02:00,home,1.0,0.0,0,22.31,21.0,0
2026-09-03T07:00:00+02:00,home,1.0,0.0,0,22.38,21.0,0
2026-09-03T08:00:00+02:00,home,1.0,0.0,0,22.52,21.0,0
2026-09-03T09:00:00+02:00,home,1.0,0.0,0,22.73,21.0,0
2026-09-03T10:00:00+02:00,home,1.0,0.0,0,23.03,21.0,0
2026-09-03T11:00:00+02:00,home,1.0,0.0,0,23.4,21.0,0
2026-09-03T12:00:00+02:00,home,1.0,0.0,0,23.79,21.0,0
2026-09-03T13:00:00+02:00,home,1.0,0.0,0,24.2,21.0,0
2026-09-03T14:00:00+02:00,home,1.0,0.0,0,24.53,21.0,0
2026-09-03T15:00:00+02:00,away,0.33,0.0,0,24.79,21.0,0
2026-09-03T16:00:00+02:00,away,0.0,0.0,0,25.01,21.0,0
2026-09-03T17:00:00+02:00,away,0.0,0.0,0,25.14,21.0,0
2026-09-03T18:00:00+02:00,away,0.0,0.0,0,25.17,21.0,0
2026-09-03T19:00:00+02:00,away,0.0,0.0,0,25.1,21.0,0
2026-09-03T20:00:00+02:00,away,0.0,0.0,0,24.98,21.0,0
2026-09-03T21:00:00+02:00,away,0.0,0.0,0,24.83,21.0,0
2026-09-03T22:00:00+02:00,away,0.0,0.0,0,24.68,19.5,0
2026-09-03T23:00:00+02:00,away,0.0,0.0,0,24.53,18.0,0
2026-09-04T00:00:00+02:00,away,0.0,0.0,0,24.37,18.0,0
2026-09-04T01:00:00+02:00,away,0.0,0.0,0,24.2,18.0,0
2026-09-04T02:00:00+02:00,away,0.0,0.0,0,24.03,18.0,0
2026-09-04T03:00:00+02:00,away,0.0,0.0,0,23.87,18.0,0
2026-09-04T04:00:00+02:00,away,0.0,0.0,0,23.7,18.0,0
2026-09-04T05:00:00+02:00,away,0.0,0.0,0,23.55,18.0,0
2026-09-04T06:00:00+02:00,away,0.0,0.0,0,23.4,21.0,0
2026-09-04T07:00:00+02:00,away,0.0,0.0,0,23.28,21.0,0
2026-09-04T08:00:00+02:00,away,0.0,0.0,0,23.22,21.0,0
2026-09-04T09:00:00+02:00,away,0.0,0.0,0,23.23,21.0,0
2026-09-04T10:00:00+02:00,away,0.0,0.0,0,23.25,21.0,0
2026-09-04T11:00:00+02:00,away,0.0,0.0,0,23.27,21.0,0
2026-09-04T12:00:00+02:00,away,0.0,0.0,0,23.42,21.0,0
2026-09-04T13:00:00+02:00,away,0.0,0.0,0,23.68,21.0,0
2026-09-04T14:00:00+02:00,away,0.0,0.0,0,23.82,21.0,0
2026-09-04T15:00:00+02:00,away,0.0,0.0,0,23.96,21.0,0
2026-09-04T16:00:00+02:00,away,0.0,0.0,0,24.14,21.0,0
2026-09-04T17:00:00+02:00,away,0.0,0.0,0,24.26,21.0,0
2026-09-04T18:00:00+02:00,away,0.0,0.0,0,24.3,21.0,0
2026-09-04T19:00:00+02:00,away,0.0,0.0,0,24.29,21.0,0
2026-09-04T20:00:00+02:00,away,0.0,0.0,0,24.27,21.0,0
2026-09-04T21:00:00+02:00,away,0.0,0.0,0,24.25,21.0,0
2026-09-04T22:00:00+02:00,home,0.67,0.0,0,24.14,19.5,0
2026-09-04T23:00:00+02:00,home,1.0,0.0,0,23.94,18.0,0
2026-09-05T00:00:00+02:00,home,1.0,0.0,0,23.78,18.0,0
2026-09-05T01:00:00+02:00,home,1.0,0.0,0,23.61,18.0,0
2026-09-05T02:00:00+02:00,home,1.0,0.0,0,23.46,18.0,0
2026-09-05T03:00:00+02:00,home,1.0,0.0,0,23.37,18.0,0
2026-09-05T04:00:00+02:00,home,1.0,0.0,0,23.28,18.0,0
2026-09-05T05:00:00+02:00,home,1.0,0.0,0,23.19,18.0,0
2026-09-05T06:00:00+02:00,home,1.0,0.0,0,23.1,21.0,0
2026-09-05T07:00:00+02:00,home,1.0,0.0,0,23.04,21.0,0
2026-09-05T08:00:00+02:00,home,1.0,0.0,0,23.17,21.0,0
2026-09-05T09:00:00+02:00,home,0.5,0.0,0,23.31,21.0,0
2026-09-05T10:00:00+02:00,away,0.5,0.0,0,23.48,21.0,0
2026-09-05T11:00:00+02:00,home,1.0,0.0,0,23.82,21.0,0
2026-09-05T12:00:00+02:00,home,1.0,0.0,0,24.08,21.0,0
2026-09-05T13:00:00+02:00,home,1.0,0.0,0,24.21,21.0,0
2026-09-05T14:00:00+02:00,home,0.92,0.0,0,24.31,21.0,0
2026-09-05T15:00:00+02:00,away,0.0,0.0,0,24.47,21.0,0
2026-09-05T16:00:00+02:00,away,0.5,0.5,0,24.59,21.0,0
2026-09-05T17:00:00+02:00,home+Paul,1.0,1.0,0,24.21,21.0,0
2026-09-05T18:00:00+02:00,home+Paul,1.0,1.0,0,23.87,21.0,0
2026-09-05T19:00:00+02:00,home+Paul,1.0,1.0,0,23.99,21.0,0
2026-09-05T20:00:00+02:00,home+Paul,1.0,1.0,0,23.81,21.0,0
2026-09-05T21:00:00+02:00,home+Paul,1.0,1.0,0,23.58,21.0,0
2026-09-05T22:00:00+02:00,home+Paul,1.0,1.0,0,23.49,19.5,0
2026-09-05T23:00:00+02:00,home+Paul,1.0,1.0,0,23.55,18.0,0
2026-09-06T00:00:00+02:00,home+Paul,1.0,1.0,0,23.45,18.0,0
2026-09-06T01:00:00+02:00,home+Paul,1.0,1.0,0,23.28,18.0,0
2026-09-06T02:00:00+02:00,home+Paul,1.0,1.0,0,23.1,18.0,0
2026-09-06T03:00:00+02:00,home+Paul,1.0,1.0,0,22.92,18.0,0
2026-09-06T04:00:00+02:00,home+Paul,1.0,1.0,0,22.74,18.0,0
2026-09-06T05:00:00+02:00,home+Paul,1.0,1.0,0,22.56,18.0,0
2026-09-06T06:00:00+02:00,home+Paul,1.0,1.0,0,22.39,21.0,0
2026-09-06T07:00:00+02:00,home+Paul,1.0,1.0,0,22.24,21.0,0
2026-09-06T08:00:00+02:00,home+Paul,1.0,1.0,0,22.17,21.0,0
2026-09-06T09:00:00+02:00,home+Paul,1.0,1.0,0,22.27,21.0,0
2026-09-06T10:00:00+02:00,home+Paul,1.0,1.0,0,22.41,21.0,0
2026-09-06T11:00:00+02:00,away,0.08,0.08,0,22.53,21.0,0
2026-09-06T12:00:00+02:00,away,0.0,0.0,0,22.76,21.0,0
2026-09-06T13:00:00+02:00,away,0.0,0.0,0,23.07,21.0,0
2026-09-06T14:00:00+02:00,away,0.5,0.5,0,23.37,21.0,0
2026-09-06T15:00:00+02:00,home+Paul,1.0,1.0,0,23.62,21.0,0
2026-09-06T16:00:00+02:00,home+Paul,1.0,1.0,0,23.73,21.0,0
2026-09-06T17:00:00+02:00,home+Paul,1.0,1.0,0,23.72,21.0,0
2026-09-06T18:00:00+02:00,home+Paul,1.0,1.0,0,23.56,21.0,0
2026-09-06T19:00:00+02:00,home+Paul,1.0,1.0,0,23.48,21.0,0
2026-09-06T20:00:00+02:00,home+Paul,1.0,1.0,0,23.45,21.0,0
2026-09-06T21:00:00+02:00,home+Paul,1.0,1.0,0,23.45,21.0,0
2026-09-06T22:00:00+02:00,home+Paul,1.0,1.0,0,23.44,19.5,0
2026-09-06T23:00:00+02:00,home+Paul,1.0,1.0,0,23.34,18.0,0
2026-09-07T00:00:00+02:00,home+Paul,1.0,1.0,0,23.18,18.0,0
2026-09-07T01:00:00+02:00,home+Paul,1.0,1.0,0,22.99,18.0,0
2026-09-07T02:00:00+02:00,home+Paul,1.0,1.0,0,22.8,18.0,0
2026-09-07T03:00:00+02:00,home+Paul,1.0,1.0,0,22.59,18.0,0
2026-09-07T04:00:00+02:00,home+Paul,1.0,1.0,0,22.37,18.0,0
2026-09-07T05:00:00+02:00,home+Paul,1.0,1.0,0,22.14,18.0,0
2026-09-07T06:00:00+02:00,home+Paul,1.0,1.0,0,21.92,21.0,0
2026-09-07T07:00:00+02:00,home+Paul,1.0,1.0,0,21.86,21.0,0
2026-09-07T08:00:00+02:00,home+Paul,1.0,1.0,0,21.9,21.0,0
2026-09-07T09:00:00+02:00,home+Paul,1.0,1.0,0,22.02,21.0,0
2026-09-07T10:00:00+02:00,home+Paul,1.0,1.0,0,22.27,21.0,0
2026-09-07T11:00:00+02:00,home+Paul,0.75,0.75,0,22.62,21.0,0
2026-09-07T12:00:00+02:00,away,0.25,0.0,0,22.96,21.0,0
2026-09-07T13:00:00+02:00,home,1.0,0.0,0,23.32,21.0,0
2026-09-07T14:00:00+02:00,home,1.0,0.0,0,23.6,21.0,0
2026-09-07T15:00:00+02:00,home,1.0,0.0,0,23.84,21.0,0
2026-09-07T16:00:00+02:00,home,1.0,0.0,0,24.0,21.0,0
2026-09-07T17:00:00+02:00,home,1.0,0.0,0,24.0,21.0,0
2026-09-07T18:00:00+02:00,home,1.0,0.0,0,23.95,21.0,0
2026-09-07T19:00:00+02:00,home,1.0,0.0,0,23.81,21.0,0
2026-09-07T20:00:00+02:00,home,1.0,0.0,0,23.6,21.0,0
2026-09-07T21:00:00+02:00,home,1.0,0.0,0,23.52,21.0,0
2026-09-07T22:00:00+02:00,home,1.0,0.0,0,23.56,19.5,0
2026-09-07T23:00:00+02:00,home,1.0,0.0,0,23.45,18.0,0
2026-09-08T00:00:00+02:00,home,1.0,0.0,0,23.31,18.0,0
2026-09-08T01:00:00+02:00,home,1.0,0.0,0,23.15,18.0,0
2026-09-08T02:00:00+02:00,home,1.0,0.0,0,22.98,18.0,0
2026-09-08T03:00:00+02:00,home,1.0,0.0,0,22.81,18.0,0
2026-09-08T04:00:00+02:00,home,1.0,0.0,0,22.63,18.0,0
2026-09-08T05:00:00+02:00,home,1.0,0.0,0,22.45,18.0,0
2026-09-08T06:00:00+02:00,home,1.0,0.0,0,22.31,21.0,0
2026-09-08T07:00:00+02:00,home,1.0,0.0,0,22.31,21.0,0
2026-09-08T08:00:00+02:00,away,0.17,0.0,0,22.3,21.0,0
2026-09-08T09:00:00+02:00,away,0.0,0.0,0,22.4,21.0,0
2026-09-08T10:00:00+02:00,away,0.0,0.0,0,22.64,21.0,0
2026-09-08T11:00:00+02:00,away,0.0,0.0,0,23.0,21.0,0
2026-09-08T12:00:00+02:00,away,0.0,0.0,0,23.42,21.0,0
2026-09-08T13:00:00+02:00,away,0.0,0.0,0,23.89,21.0,0
2026-09-08T14:00:00+02:00,away,0.0,0.0,0,24.38,21.0,0
2026-09-08T15:00:00+02:00,away,0.0,0.0,0,24.83,21.0,0
2026-09-08T16:00:00+02:00,away,0.0,0.0,0,25.2,21.0,0
2026-09-08T17:00:00+02:00,away,0.17,0.0,0,25.47,21.0,0
2026-09-08T18:00:00+02:00,home,1.0,0.0,0,25.58,21.0,0
2026-09-08T19:00:00+02:00,away,0.17,0.0,0,25.55,21.0,0
2026-09-08T20:00:00+02:00,away,0.0,0.0,0,25.5,21.0,0
2026-09-08T21:00:00+02:00,away,0.0,0.0,0,25.44,21.0,0
2026-09-08T22:00:00+02:00,away,0.42,0.0,0,25.33,19.5,0
2026-09-08T23:00:00+02:00,home,1.0,0.0,0,25.08,18.0,0
2026-09-09T00:00:00+02:00,home,1.0,0.0,0,24.87,18.0,0
2026-09-09T01:00:00+02:00,home,1.0,0.0,0,24.66,18.0,0
2026-09-09T02:00:00+02:00,home,1.0,0.0,0,24.44,18.0,0
2026-09-09T03:00:00+02:00,home,1.0,0.0,0,24.22,18.0,0
2026-09-09T04:00:00+02:00,home,1.0,0.0,0,24.0,18.0,0
2026-09-09T05:00:00+02:00,home,0.83,0.0,0,23.84,18.0,0
2026-09-09T06:00:00+02:00,away,0.0,0.0,0,23.75,21.0,0
2026-09-09T07:00:00+02:00,away,0.0,0.0,0,23.69,21.0,0
2026-09-09T08:00:00+02:00,away,0.0,0.0,0,23.76,21.0,0
2026-09-09T09:00:00+02:00,away,0.0,0.0,0,23.97,21.0,0
2026-09-09T10:00:00+02:00,away,0.0,0.0,0,24.29,21.0,0
2026-09-09T11:00:00+02:00,away,0.0,0.0,0,24.7,21.0,0
2026-09-09T12:00:00+02:00,away,0.0,0.0,0,25.17,21.0,0
2026-09-09T13:00:00+02:00,away,0.0,0.0,0,25.67,21.0,0
2026-09-09T14:00:00+02:00,away,0.0,0.0,0,26.17,21.0,0
2026-09-09T15:00:00+02:00,away,0.0,0.0,0,26.6,21.0,0
2026-09-09T16:00:00+02:00,away,0.0,0.0,0,26.91,21.0,0
2026-09-09T17:00:00+02:00,away,0.0,0.0,0,27.13,21.0,0
2026-09-09T18:00:00+02:00,away,0.0,0.0,0,27.22,21.0,0
2026-09-09T19:00:00+02:00,away,0.0,0.0,0,27.2,21.0,0
2026-09-09T20:00:00+02:00,away,0.0,0.0,0,27.12,21.0,0
2026-09-09T21:00:00+02:00,away,0.0,0.0,0,27.01,21.0,0
2026-09-09T22:00:00+02:00,away,0.17,0.0,0,26.86,19.5,0
2026-09-09T23:00:00+02:00,home,1.0,0.0,0,26.51,18.0,0
2026-09-10T00:00:00+02:00,home,1.0,0.0,0,26.17,18.0,0
2026-09-10T01:00:00+02:00,home,1.0,0.0,0,25.8,18.0,0
2026-09-10T02:00:00+02:00,home,1.0,0.0,0,25.4,18.0,0
2026-09-10T03:00:00+02:00,home,1.0,0.0,0,25.01,18.0,0
2026-09-10T04:00:00+02:00,home,1.0,0.0,0,24.62,18.0,0
2026-09-10T05:00:00+02:00,home,1.0,0.0,0,24.23,18.0,0
2026-09-10T06:00:00+02:00,home,1.0,0.0,0,23.84,21.0,0
2026-09-10T07:00:00+02:00,home,0.67,0.0,0,23.58,21.0,0
2026-09-10T08:00:00+02:00,away,0.0,0.0,0,23.4,21.0,0
2026-09-10T09:00:00+02:00,home,0.92,0.0,0,23.42,21.0,0
2026-09-10T10:00:00+02:00,home,1.0,0.0,0,23.54,21.0,0
2026-09-10T11:00:00+02:00,home,1.0,0.0,0,23.65,21.0,0
2026-09-10T12:00:00+02:00,home,1.0,0.0,0,23.78,21.0,0
2026-09-10T13:00:00+02:00,home,1.0,0.0,0,23.93,21.0,0
2026-09-10T14:00:00+02:00,home,1.0,0.0,0,23.98,21.0,0
2026-09-10T15:00:00+02:00,home,1.0,0.0,0,24.01,21.0,0
2026-09-10T16:00:00+02:00,home,1.0,0.0,0,23.98,21.0,0
2026-09-10T17:00:00+02:00,home,1.0,0.0,0,23.92,21.0,0
2026-09-10T18:00:00+02:00,home,1.0,0.0,0,23.76,21.0,0
2026-09-10T19:00:00+02:00,home,1.0,0.0,0,23.75,21.0,0
2026-09-10T20:00:00+02:00,home,1.0,0.0,0,23.53,21.0,0
2026-09-10T21:00:00+02:00,home,1.0,0.0,0,23.48,21.0,0
2026-09-10T22:00:00+02:00,home,1.0,0.0,0,23.52,19.5,0
2026-09-10T23:00:00+02:00,home,1.0,0.0,0,23.38,18.0,0
2026-09-11T00:00:00+02:00,home,1.0,0.0,0,23.15,18.0,0
2026-09-11T01:00:00+02:00,home,1.0,0.0,0,22.91,18.0,0
2026-09-11T02:00:00+02:00,home,1.0,0.0,0,22.65,18.0,0
2026-09-11T03:00:00+02:00,home,1.0,0.0,0,22.38,18.0,0
2026-09-11T04:00:00+02:00,home,1.0,0.0,0,22.11,18.0,0
2026-09-11T05:00:00+02:00,home,1.0,0.0,0,21.83,18.0,0
2026-09-11T06:00:00+02:00,home,1.0,0.0,0,21.57,21.0,0
2026-09-11T07:00:00+02:00,home,1.0,0.0,0,21.62,21.0,0
2026-09-11T08:00:00+02:00,home,1.0,0.0,0,21.67,21.0,0
2026-09-11T09:00:00+02:00,home,1.0,0.0,0,21.76,21.0,0
2026-09-11T10:00:00+02:00,home,1.0,0.0,0,21.93,21.0,0
2026-09-11T11:00:00+02:00,home,1.0,0.0,0,22.17,21.0,0
2026-09-11T12:00:00+02:00,home,1.0,0.0,0,22.46,21.0,0
2026-09-11T13:00:00+02:00,home,1.0,0.0,0,22.73,21.0,0
2026-09-11T14:00:00+02:00,home,0.5,0.0,0,22.82,21.0,0
2026-09-11T15:00:00+02:00,away,0.0,0.0,0,22.82,21.0,0
2026-09-11T16:00:00+02:00,away,0.0,0.0,0,22.77,21.0,0
2026-09-11T17:00:00+02:00,away,0.0,0.0,0,22.7,21.0,0
2026-09-11T18:00:00+02:00,away,0.0,0.0,0,22.56,21.0,0
2026-09-11T19:00:00+02:00,away,0.0,0.0,0,22.38,21.0,0
2026-09-11T20:00:00+02:00,away,0.0,0.0,0,22.18,21.0,0
2026-09-11T21:00:00+02:00,away,0.0,0.0,0,21.99,21.0,0
2026-09-11T22:00:00+02:00,away,0.0,0.0,0,21.8,19.5,0
2026-09-11T23:00:00+02:00,away,0.0,0.0,0,21.61,18.0,0
2026-09-12T00:00:00+02:00,away,0.0,0.0,0,21.41,18.0,0
2026-09-12T01:00:00+02:00,away,0.0,0.0,0,21.21,18.0,0
2026-09-12T02:00:00+02:00,away,0.0,0.0,0,21.01,18.0,0
2026-09-12T03:00:00+02:00,away,0.0,0.0,0,20.81,18.0,0
2026-09-12T04:00:00+02:00,away,0.0,0.0,0,20.61,18.0,0
2026-09-12T05:00:00+02:00,away,0.0,0.0,0,20.41,18.0,0
2026-09-12T06:00:00+02:00,away,0.0,0.0,0,21.06,21.0,0
2026-09-12T07:00:00+02:00,away,0.0,0.0,0,21.1,21.0,0
2026-09-12T08:00:00+02:00,away,0.0,0.0,0,21.0,21.0,0
2026-09-12T09:00:00+02:00,away,0.0,0.0,0,21.02,21.0,0
2026-09-12T10:00:00+02:00,away,0.0,0.0,0,21.19,21.0,0
2026-09-12T11:00:00+02:00,away,0.0,0.0,0,21.46,21.0,0
2026-09-12T12:00:00+02:00,away,0.0,0.0,0,21.78,21.0,0
2026-09-12T13:00:00+02:00,away,0.0,0.0,0,22.11,21.0,0
2026-09-12T14:00:00+02:00,away,0.0,0.0,0,22.37,21.0,0
2026-09-12T15:00:00+02:00,away,0.0,0.0,0,22.48,21.0,0
2026-09-12T16:00:00+02:00,away,0.0,0.0,0,22.5,21.0,0
2026-09-12T17:00:00+02:00,away,0.0,0.0,0,22.52,21.0,0
2026-09-12T18:00:00+02:00,away,0.0,0.0,0,22.49,21.0,0
2026-09-12T19:00:00+02:00,away,0.0,0.0,0,22.36,21.0,0
2026-09-12T20:00:00+02:00,away,0.0,0.0,0,22.18,21.0,0
2026-09-12T21:00:00+02:00,away,0.0,0.0,0,21.97,21.0,0
2026-09-12T22:00:00+02:00,away,0.0,0.0,0,21.76,19.5,0
2026-09-12T23:00:00+02:00,away,0.0,0.0,0,21.54,18.0,0
2026-09-13T00:00:00+02:00,away,0.0,0.0,0,21.31,18.0,0
2026-09-13T01:00:00+02:00,away,0.0,0.0,0,21.07,18.0,0
2026-09-13T02:00:00+02:00,away,0.0,0.0,0,20.83,18.0,0
2026-09-13T03:00:00+02:00,away,0.0,0.0,0,20.62,18.0,0
2026-09-13T04:00:00+02:00,away,0.0,0.0,0,20.43,18.0,0
2026-09-13T05:00:00+02:00,away,0.0,0.0,0,20.24,18.0,0
2026-09-13T06:00:00+02:00,away,0.0,0.0,0,21.03,21.0,0
2026-09-13T07:00:00+02:00,away,0.0,0.0,0,21.14,21.0,0
2026-09-13T08:00:00+02:00,away,0.0,0.0,0,21.02,21.0,0
2026-09-13T09:00:00+02:00,away,0.0,0.0,0,20.99,21.0,0
2026-09-13T10:00:00+02:00,away,0.0,0.0,0,21.07,21.0,0
2026-09-13T11:00:00+02:00,away,0.0,0.0,0,21.29,21.0,0
2026-09-13T12:00:00+02:00,away,0.0,0.0,0,21.58,21.0,0
2026-09-13T13:00:00+02:00,away,0.0,0.0,0,21.87,21.0,0
2026-09-13T14:00:00+02:00,away,0.0,0.0,0,22.04,21.0,0
2026-09-13T15:00:00+02:00,away,0.0,0.0,0,22.1,21.0,0
2026-09-13T16:00:00+02:00,away,0.0,0.0,0,22.14,21.0,0
2026-09-13T17:00:00+02:00,away,0.0,0.0,0,22.19,21.0,0
2026-09-13T18:00:00+02:00,away,0.0,0.0,0,22.17,21.0,0
2026-09-13T19:00:00+02:00,away,0.0,0.0,0,22.1,21.0,0
2026-09-13T20:00:00+02:00,away,0.0,0.0,0,22.01,21.0,0
2026-09-13T21:00:00+02:00,away,0.0,0.0,0,21.91,21.0,0
2026-09-13T22:00:00+02:00,home,0.67,0.0,0,21.81,19.5,0
2026-09-13T23:00:00+02:00,home,1.0,0.0,0,21.75,18.0,0
2026-09-14T00:00:00+02:00,home,1.0,0.0,0,21.66,18.0,0
2026-09-14T01:00:00+02:00,home,1.0,0.0,0,21.55,18.0,0
2026-09-14T02:00:00+02:00,home,1.0,0.0,0,21.43,18.0,0
2026-09-14T03:00:00+02:00,home,1.0,0.0,0,21.31,18.0,0
2026-09-14T04:00:00+02:00,home,1.0,0.0,0,21.19,18.0,0
2026-09-14T05:00:00+02:00,home,1.0,0.0,0,21.07,18.0,0
2026-09-14T06:00:00+02:00,home,1.0,0.0,0,20.95,21.0,0
2026-09-14T07:00:00+02:00,home,1.0,0.0,0,20.96,21.0,0
2026-09-14T08:00:00+02:00,away,0.25,0.0,0,20.94,21.0,0
2026-09-14T09:00:00+02:00,away,0.0,0.0,0,20.98,21.0,0
2026-09-14T10:00:00+02:00,away,0.0,0.0,0,21.11,21.0,0
2026-09-14T11:00:00+02:00,away,0.0,0.0,0,21.34,21.0,0
2026-09-14T12:00:00+02:00,away,0.0,0.0,0,21.55,21.0,0
2026-09-14T13:00:00+02:00,away,0.0,0.0,0,21.71,21.0,0
2026-09-14T14:00:00+02:00,away,0.0,0.0,0,21.83,21.0,0
2026-09-14T15:00:00+02:00,away,0.0,0.0,0,21.92,21.0,0
2026-09-14T16:00:00+02:00,away,0.0,0.0,0,21.99,21.0,0
2026-09-14T17:00:00+02:00,away,0.0,0.0,0,22.08,21.0,0
2026-09-14T18:00:00+02:00,home,0.83,0.0,0,22.13,21.0,0
2026-09-14T19:00:00+02:00,home,1.0,0.0,0,22.15,21.0,0
2026-09-14T20:00:00+02:00,home,1.0,0.0,0,22.31,21.0,0
2026-09-14T21:00:00+02:00,home,1.0,0.0,0,22.4,21.0,0
2026-09-14T22:00:00+02:00,home,1.0,0.0,0,22.55,19.5,0
2026-09-14T23:00:00+02:00,home,1.0,0.0,0,22.68,18.0,0
2026-09-15T00:00:00+02:00,home,1.0,0.0,0,22.55,18.0,0
2026-09-15T01:00:00+02:00,home,1.0,0.0,0,22.4,18.0,0
2026-09-15T02:00:00+02:00,home,1.0,0.0,0,22.25,18.0,0
2026-09-15T03:00:00+02:00,home,1.0,0.0,0,22.1,18.0,0
2026-09-15T04:00:00+02:00,home,1.0,0.0,0,21.94,18.0,0
2026-09-15T05:00:00+02:00,home,1.0,0.0,0,21.81,18.0,0
2026-09-15T06:00:00+02:00,away,0.33,0.0,0,21.76,17.7,1
2026-09-15T07:00:00+02:00,away,0.0,0.0,0,21.6,16.0,1
2026-09-15T08:00:00+02:00,away,0.0,0.0,0,21.5,16.0,1
2026-09-15T09:00:00+02:00,away,0.0,0.0,0,21.53,16.0,1
2026-09-15T10:00:00+02:00,away,0.0,0.0,0,21.66,16.0,1
2026-09-15T11:00:00+02:00,away,0.0,0.0,0,21.89,16.0,1
2026-09-15T12:00:00+02:00,away,0.0,0.0,0,22.2,16.0,1
2026-09-15T13:00:00+02:00,away,0.0,0.0,0,22.53,16.0,1
2026-09-15T14:00:00+02:00,away,0.0,0.0,0,22.81,16.0,1
2026-09-15T15:00:00+02:00,away,0.0,0.0,0,22.98,16.0,1
2026-09-15T16:00:00+02:00,away,0.0,0.0,0,23.08,16.0,1
2026-09-15T17:00:00+02:00,away,0.0,0.0,0,23.18,16.0,1
2026-09-15T18:00:00+02:00,away,0.0,0.0,0,23.19,16.0,1
2026-09-15T19:00:00+02:00,away,0.0,0.0,0,23.11,16.0,1
2026-09-15T20:00:00+02:00,away,0.0,0.0,0,22.99,16.0,1
2026-09-15T21:00:00+02:00,away,0.0,0.0,0,22.85,16.0,1
2026-09-15T22:00:00+02:00,away,0.0,0.0,0,22.69,16.0,1
2026-09-15T23:00:00+02:00,away,0.0,0.0,0,22.53,16.0,1
2026-09-16T00:00:00+02:00,away,0.0,0.0,0,22.35,16.0,1
2026-09-16T01:00:00+02:00,away,0.0,0.0,0,22.17,16.0,1
2026-09-16T02:00:00+02:00,away,0.0,0.0,0,21.98,16.0,1
2026-09-16T03:00:00+02:00,away,0.0,0.0,0,21.78,16.0,1
2026-09-16T04:00:00+02:00,away,0.0,0.0,0,21.59,16.0,1
2026-09-16T05:00:00+02:00,away,0.0,0.0,0,21.39,16.0,1
2026-09-16T06:00:00+02:00,away,0.0,0.0,0,21.19,16.0,1
2026-09-16T07:00:00+02:00,away,0.0,0.0,0,21.03,16.0,1
2026-09-16T08:00:00+02:00,away,0.0,0.0,0,20.98,16.0,1
2026-09-16T09:00:00+02:00,away,0.0,0.0,0,21.07,16.0,1
2026-09-16T10:00:00+02:00,away,0.0,0.0,0,21.29,16.0,1
2026-09-16T11:00:00+02:00,away,0.0,0.0,0,21.62,16.0,1
2026-09-16T12:00:00+02:00,away,0.0,0.0,0,22.03,16.0,1
2026-09-16T13:00:00+02:00,away,0.0,0.0,0,22.48,16.0,1
2026-09-16T14:00:00+02:00,away,0.0,0.0,0,22.93,16.0,1
2026-09-16T15:00:00+02:00,away,0.0,0.0,0,23.33,16.0,1
2026-09-16T16:00:00+02:00,away,0.0,0.0,0,23.65,16.0,1
2026-09-16T17:00:00+02:00,away,0.0,0.0,0,23.87,16.0,1
2026-09-16T18:00:00+02:00,away,0.0,0.0,0,23.95,16.0,1
2026-09-16T19:00:00+02:00,away,0.0,0.0,0,23.94,16.0,1
2026-09-16T20:00:00+02:00,away,0.0,0.0,0,23.89,16.0,1
2026-09-16T21:00:00+02:00,away,0.0,0.0,0,23.83,16.0,1
2026-09-16T22:00:00+02:00,away,0.0,0.0,0,23.76,16.0,1
2026-09-16T23:00:00+02:00,away,0.0,0.0,0,23.66,16.0,1
2026-09-17T00:00:00+02:00,away,0.0,0.0,0,23.55,16.0,1
2026-09-17T01:00:00+02:00,away,0.0,0.0,0,23.41,16.0,1
2026-09-17T02:00:00+02:00,away,0.0,0.0,0,23.26,16.0,1
2026-09-17T03:00:00+02:00,away,0.0,0.0,0,23.11,16.0,1
2026-09-17T04:00:00+02:00,away,0.0,0.0,0,22.97,16.0,1
2026-09-17T05:00:00+02:00,away,0.0,0.0,0,22.81,16.0,1
2026-09-17T06:00:00+02:00,away,0.0,0.0,0,22.62,16.0,1
2026-09-17T07:00:00+02:00,away,0.0,0.0,0,22.43,16.0,1
2026-09-17T08:00:00+02:00,away,0.0,0.0,0,22.25,16.0,1
2026-09-17T09:00:00+02:00,away,0.0,0.0,0,22.12,16.0,1
2026-09-17T10:00:00+02:00,away,0.0,0.0,0,22.11,16.0,1
2026-09-17T11:00:00+02:00,away,0.0,0.0,0,22.19,16.0,1
2026-09-17T12:00:00+02:00,away,0.0,0.0,0,22.28,16.0,1
2026-09-17T13:00:00+02:00,away,0.0,0.0,0,22.38,16.0,1
2026-09-17T14:00:00+02:00,away,0.0,0.0,0,22.52,16.0,1
2026-09-17T15:00:00+02:00,away,0.0,0.0,0,22.68,16.0,1
2026-09-17T16:00:00+02:00,away,0.0,0.0,0,22.83,16.0,1
2026-09-17T17:00:00+02:00,away,0.0,0.0,0,22.89,16.0,1
2026-09-17T18:00:00+02:00,away,0.0,0.0,0,22.85,16.0,1
2026-09-17T19:00:00+02:00,away,0.0,0.0,0,22.72,16.0,1
2026-09-17T20:00:00+02:00,home,0.58,0.0,0,22.58,18.9,1
2026-09-17T21:00:00+02:00,home,1.0,0.0,0,22.52,21.0,0
2026-09-17T22:00:00+02:00,home,1.0,0.0,0,22.41,19.5,0
2026-09-17T23:00:00+02:00,home,1.0,0.0,0,22.25,18.0,0
2026-09-18T00:00:00+02:00,home,1.0,0.0,0,22.06,18.0,0
2026-09-18T01:00:00+02:00,home,1.0,0.0,0,21.87,18.0,0
2026-09-18T02:00:00+02:00,home,1.0,0.0,0,21.67,18.0,0
2026-09-18T03:00:00+02:00,home,1.0,0.0,0,21.46,18.0,0
2026-09-18T04:00:00+02:00,home,1.0,0.0,0,21.26,18.0,0
2026-09-18T05:00:00+02:00,home,1.0,0.0,0,21.05,18.0,0
2026-09-18T06:00:00+02:00,home,1.0,0.0,0,20.85,21.0,0
2026-09-18T07:00:00+02:00,home,1.0,0.0,0,20.79,21.0,0
2026-09-18T08:00:00+02:00,home,1.0,0.0,0,20.85,21.0,0
2026-09-18T09:00:00+02:00,home,1.0,0.0,0,21.14,21.0,0
2026-09-18T10:00:00+02:00,home,1.0,0.0,0,21.42,21.0,0
2026-09-18T11:00:00+02:00,home,1.0,0.0,0,21.76,21.0,0
2026-09-18T12:00:00+02:00,home,1.0,0.0,0,22.18,21.0,0
2026-09-18T13:00:00+02:00,home,1.0,0.0,0,22.63,21.0,0
2026-09-18T14:00:00+02:00,home,1.0,0.0,0,23.0,21.0,0
2026-09-18T15:00:00+02:00,home,1.0,0.0,0,23.37,21.0,0
2026-09-18T16:00:00+02:00,home,1.0,0.0,0,23.59,21.0,0
2026-09-18T17:00:00+02:00,home,1.0,0.0,0,23.69,21.0,0
2026-09-18T18:00:00+02:00,home,1.0,0.0,0,23.97,21.0,0
2026-09-18T19:00:00+02:00,home+guests,1.0,0.0,5,24.0,21.0,0
2026-09-18T20:00:00+02:00,home+guests,1.0,0.0,5,24.0,21.0,0
2026-09-18T21:00:00+02:00,home+guests,1.0,0.0,5,23.98,21.0,0
2026-09-18T22:00:00+02:00,home+guests,1.0,0.0,5,23.97,19.5,0
2026-09-18T23:00:00+02:00,home+guests,1.0,0.0,5,23.95,18.0,0
2026-09-19T00:00:00+02:00,home,1.0,0.0,0,23.86,18.0,0
2026-09-19T01:00:00+02:00,home,1.0,0.0,0,23.6,18.0,0
2026-09-19T02:00:00+02:00,home,1.0,0.0,0,23.37,18.0,0
2026-09-19T03:00:00+02:00,home,1.0,0.0,0,23.19,18.0,0
2026-09-19T04:00:00+02:00,home,1.0,0.0,0,22.99,18.0,0
2026-09-19T05:00:00+02:00,home,1.0,0.0,0,22.78,18.0,0
2026-09-19T06:00:00+02:00,home,1.0,0.0,0,22.57,21.0,0
2026-09-19T07:00:00+02:00,home,1.0,0.0,0,22.39,21.0,0
2026-09-19T08:00:00+02:00,home,1.0,0.0,0,22.41,21.0,0
2026-09-19T09:00:00+02:00,home,0.5,0.0,0,22.5,21.0,0
2026-09-19T10:00:00+02:00,away,0.0,0.0,0,22.67,21.0,0
2026-09-19T11:00:00+02:00,away,0.0,0.0,0,22.93,21.0,0
2026-09-19T12:00:00+02:00,away,0.0,0.0,0,23.25,21.0,0
2026-09-19T13:00:00+02:00,away,0.0,0.0,0,23.57,21.0,0
2026-09-19T14:00:00+02:00,away,0.0,0.0,0,23.87,21.0,0
2026-09-19T15:00:00+02:00,away,0.0,0.0,0,24.12,21.0,0
2026-09-19T16:00:00+02:00,away,0.0,0.0,0,24.29,21.0,0
2026-09-19T17:00:00+02:00,away,0.0,0.0,0,24.38,21.0,0
2026-09-19T18:00:00+02:00,away,0.0,0.0,0,24.35,21.0,0
2026-09-19T19:00:00+02:00,away,0.0,0.0,0,24.24,21.0,0
2026-09-19T20:00:00+02:00,away,0.0,0.0,0,24.11,21.0,0
2026-09-19T21:00:00+02:00,away,0.0,0.0,0,23.96,21.0,0
2026-09-19T22:00:00+02:00,away,0.0,0.0,0,23.81,19.5,0
2026-09-19T23:00:00+02:00,away,0.0,0.0,0,23.64,18.0,0
2026-09-20T00:00:00+02:00,away,0.0,0.0,0,23.47,18.0,0
2026-09-20T01:00:00+02:00,away,0.0,0.0,0,23.3,18.0,0
2026-09-20T02:00:00+02:00,away,0.0,0.0,0,23.13,18.0,0
2026-09-20T03:00:00+02:00,away,0.0,0.0,0,22.96,18.0,0
2026-09-20T04:00:00+02:00,away,0.0,0.0,0,22.79,18.0,0
2026-09-20T05:00:00+02:00,away,0.0,0.0,0,22.62,18.0,0
2026-09-20T06:00:00+02:00,away,0.0,0.0,0,22.45,21.0,0
2026-09-20T07:00:00+02:00,away,0.0,0.0,0,22.3,21.0,0
2026-09-20T08:00:00+02:00,away,0.0,0.0,0,22.24,21.0,0
2026-09-20T09:00:00+02:00,away,0.0,0.0,0,22.27,21.0,0
2026-09-20T10:00:00+02:00,away,0.0,0.0,0,22.36,21.0,0
2026-09-20T11:00:00+02:00,away,0.0,0.0,0,22.42,21.0,0
2026-09-20T12:00:00+02:00,away,0.0,0.0,0,22.56,21.0,0
2026-09-20T13:00:00+02:00,away,0.0,0.0,0,22.72,21.0,0
2026-09-20T14:00:00+02:00,away,0.0,0.0,0,22.86,21.0,0
2026-09-20T15:00:00+02:00,away,0.0,0.0,0,23.06,21.0,0
2026-09-20T16:00:00+02:00,away,0.0,0.0,0,23.28,21.0,0
2026-09-20T17:00:00+02:00,away,0.33,0.0,0,23.41,21.0,0
2026-09-20T18:00:00+02:00,home,1.0,0.0,0,23.45,21.0,0
2026-09-20T19:00:00+02:00,home,1.0,0.0,0,23.49,21.0,0
2026-09-20T20:00:00+02:00,home,1.0,0.0,0,23.48,21.0,0
2026-09-20T21:00:00+02:00,home,1.0,0.0,0,23.45,21.0,0
2026-09-20T22:00:00+02:00,home,1.0,0.0,0,23.38,19.5,0
2026-09-20T23:00:00+02:00,home,1.0,0.0,0,23.24,18.0,0
2026-09-21T00:00:00+02:00,home,1.0,0.0,0,23.06,18.0,0
2026-09-21T01:00:00+02:00,home,1.0,0.0,0,22.87,18.0,0
2026-09-21T02:00:00+02:00,home,1.0,0.0,0,22.66,18.0,0
2026-09-21T03:00:00+02:00,home,1.0,0.0,0,22.45,18.0,0
2026-09-21T04:00:00+02:00,home,1.0,0.0,0,22.23,18.0,0
2026-09-21T05:00:00+02:00,home,1.0,0.0,0,22.01,18.0,0
2026-09-21T06:00:00+02:00,home,1.0,0.0,0,21.79,21.0,0
2026-09-21T07:00:00+02:00,home,1.0,0.0,0,21.7,21.0,0
2026-09-21T08:00:00+02:00,home,1.0,0.0,0,21.59,21.0,0
2026-09-21T09:00:00+02:00,home,1.0,0.0,0,21.58,21.0,0
2026-09-21T10:00:00+02:00,home,1.0,0.0,0,21.66,21.0,0
2026-09-21T11:00:00+02:00,home,1.0,0.0,0,21.82,21.0,0
2026-09-21T12:00:00+02:00,home,0.58,0.0,0,21.98,21.0,0
2026-09-21T13:00:00+02:00,away,0.0,0.0,0,22.03,21.0,0
2026-09-21T14:00:00+02:00,away,0.0,0.0,0,22.03,21.0,0
2026-09-21T15:00:00+02:00,away,0.0,0.0,0,22.04,21.0,0
2026-09-21T16:00:00+02:00,away,0.0,0.0,0,22.08,21.0,0
2026-09-21T17:00:00+02:00,away,0.0,0.0,0,22.01,21.0,0
2026-09-21T18:00:00+02:00,away,0.0,0.0,0,21.85,21.0,0
2026-09-21T19:00:00+02:00,away,0.0,0.0,0,21.64,21.0,0
2026-09-21T20:00:00+02:00,away,0.0,0.0,0,21.41,21.0,0
2026-09-21T21:00:00+02:00,away,0.0,0.0,0,21.17,21.0,0
2026-09-21T22:00:00+02:00,away,0.0,0.0,0,20.92,19.5,0
2026-09-21T23:00:00+02:00,away,0.0,0.0,0,20.68,18.0,0
2026-09-22T00:00:00+02:00,away,0.0,0.0,0,20.45,18.0,0
2026-09-22T01:00:00+02:00,away,0.0,0.0,0,20.21,18.0,0
2026-09-22T02:00:00+02:00,away,0.0,0.0,0,19.97,18.0,0
2026-09-22T03:00:00+02:00,away,0.0,0.0,0,19.74,18.0,0
2026-09-22T04:00:00+02:00,away,0.0,0.0,0,19.52,18.0,0
2026-09-22T05:00:00+02:00,away,0.0,0.0,0,19.29,18.0,0
2026-09-22T06:00:00+02:00,away,0.0,0.0,0,20.54,21.0,0
2026-09-22T07:00:00+02:00,away,0.0,0.0,0,21.15,21.0,0
2026-09-22T08:00:00+02:00,away,0.0,0.0,0,20.98,21.0,0
2026-09-22T09:00:00+02:00,away,0.0,0.0,0,20.9,21.0,0
2026-09-22T10:00:00+02:00,away,0.0,0.0,0,20.88,21.0,0
2026-09-22T11:00:00+02:00,away,0.0,0.0,0,20.93,21.0,0
2026-09-22T12:00:00+02:00,away,0.0,0.0,0,21.02,21.0,0
2026-09-22T13:00:00+02:00,away,0.0,0.0,0,21.06,21.0,0
2026-09-22T14:00:00+02:00,away,0.0,0.0,0,21.05,21.0,0
2026-09-22T15:00:00+02:00,away,0.0,0.0,0,21.14,21.0,0
2026-09-22T16:00:00+02:00,away,0.42,0.0,0,21.19,21.0,0
2026-09-22T17:00:00+02:00,home,1.0,0.0,0,21.36,21.0,0
2026-09-22T18:00:00+02:00,home,1.0,0.0,0,21.4,21.0,0
2026-09-22T19:00:00+02:00,away,0.0,0.0,0,21.29,21.0,0
2026-09-22T20:00:00+02:00,away,0.17,0.17,0,21.11,21.0,0
2026-09-22T21:00:00+02:00,home+Paul,1.0,1.0,0,21.22,21.0,0
2026-09-22T22:00:00+02:00,home+Paul,1.0,1.0,0,21.17,19.5,0
2026-09-22T23:00:00+02:00,home+Paul,1.0,1.0,0,21.05,18.0,0
2026-09-23T00:00:00+02:00,home+Paul,1.0,1.0,0,20.9,18.0,0
2026-09-23T01:00:00+02:00,home+Paul,1.0,1.0,0,20.73,18.0,0
2026-09-23T02:00:00+02:00,home+Paul,1.0,1.0,0,20.56,18.0,0
2026-09-23T03:00:00+02:00,home+Paul,1.0,1.0,0,20.4,18.0,0
2026-09-23T04:00:00+02:00,home+Paul,1.0,1.0,0,20.23,18.0,0
2026-09-23T05:00:00+02:00,home+Paul,1.0,1.0,0,20.07,18.0,0
2026-09-23T06:00:00+02:00,home+Paul,1.0,1.0,0,20.95,21.0,0
2026-09-23T07:00:00+02:00,home+Paul,1.0,1.0,0,21.25,21.0,0
2026-09-23T08:00:00+02:00,home+Paul,1.0,1.0,0,21.22,21.0,0
2026-09-23T09:00:00+02:00,home+Paul,1.0,1.0,0,21.28,21.0,0
2026-09-23T10:00:00+02:00,home+Paul,1.0,1.0,0,21.45,21.0,0
2026-09-23T11:00:00+02:00,home+Paul,1.0,1.0,0,21.71,21.0,0
2026-09-23T12:00:00+02:00,home+Paul,1.0,1.0,0,22.03,21.0,0
2026-09-23T13:00:00+02:00,home+Paul,1.0,1.0,0,22.38,21.0,0
2026-09-23T14:00:00+02:00,home+Paul,1.0,1.0,0,22.62,21.0,0
2026-09-23T15:00:00+02:00,home+Paul,1.0,1.0,0,22.87,21.0,0
2026-09-23T16:00:00+02:00,home+Paul,1.0,1.0,0,23.05,21.0,0
2026-09-23T17:00:00+02:00,home+Paul,1.0,1.0,0,23.12,21.0,0
2026-09-23T18:00:00+02:00,home+Paul,1.0,1.0,0,23.09,21.0,0
2026-09-23T19:00:00+02:00,home+guests,1.0,1.0,2,23.14,21.0,0
2026-09-23T20:00:00+02:00,home+guests,1.0,1.0,2,23.51,21.0,0
2026-09-23T21:00:00+02:00,home+guests,1.0,1.0,2,23.47,21.0,0
2026-09-23T22:00:00+02:00,home+guests,1.0,1.0,2,23.45,19.5,0
2026-09-23T23:00:00+02:00,home+Paul,1.0,1.0,0,23.41,18.0,0
2026-09-24T00:00:00+02:00,home+Paul,1.0,1.0,0,23.38,18.0,0
2026-09-24T01:00:00+02:00,home+Paul,1.0,1.0,0,23.15,18.0,0
2026-09-24T02:00:00+02:00,home+Paul,1.0,1.0,0,22.86,18.0,0
2026-09-24T03:00:00+02:00,home+Paul,1.0,1.0,0,22.56,18.0,0
2026-09-24T04:00:00+02:00,home+Paul,1.0,1.0,0,22.26,18.0,0
2026-09-24T05:00:00+02:00,home+Paul,1.0,0.75,0,22.0,18.0,0
2026-09-24T06:00:00+02:00,home,1.0,0.0,0,21.91,21.0,0
2026-09-24T07:00:00+02:00,home,1.0,0.0,0,21.65,21.0,0
2026-09-24T08:00:00+02:00,away,0.33,0.0,0,21.44,21.0,0
2026-09-24T09:00:00+02:00,away,0.0,0.0,0,21.24,21.0,0
2026-09-24T10:00:00+02:00,away,0.0,0.0,0,21.06,21.0,0
2026-09-24T11:00:00+02:00,away,0.0,0.0,0,20.9,21.0,0
2026-09-24T12:00:00+02:00,away,0.0,0.0,0,20.76,21.0,0
2026-09-24T13:00:00+02:00,away,0.0,0.0,0,20.9,21.0,0
2026-09-24T14:00:00+02:00,away,0.0,0.0,0,21.3,21.0,0
2026-09-24T15:00:00+02:00,away,0.0,0.0,0,21.28,21.0,0
2026-09-24T16:00:00+02:00,away,0.0,0.0,0,21.19,21.0,0
2026-09-24T17:00:00+02:00,away,0.0,0.0,0,21.06,21.0,0
2026-09-24T18:00:00+02:00,home,0.75,0.0,0,20.93,21.0,0
2026-09-24T19:00:00+02:00,home,1.0,0.0,0,21.23,21.0,0
2026-09-24T20:00:00+02:00,home,1.0,0.0,0,21.36,21.0,0
2026-09-24T21:00:00+02:00,home,1.0,0.0,0,21.32,21.0,0
2026-09-24T22:00:00+02:00,home,1.0,0.0,0,21.23,19.5,0
2026-09-24T23:00:00+02:00,home,1.0,0.0,0,21.06,18.0,0
2026-09-25T00:00:00+02:00,home,1.0,0.0,0,20.86,18.0,0
2026-09-25T01:00:00+02:00,home,1.0,0.0,0,20.65,18.0,0
2026-09-25T02:00:00+02:00,home,1.0,0.0,0,20.44,18.0,0
2026-09-25T03:00:00+02:00,home,1.0,0.0,0,20.23,18.0,0
2026-09-25T04:00:00+02:00,home,1.0,0.0,0,20.03,18.0,0
2026-09-25T05:00:00+02:00,home,1.0,0.0,0,19.82,18.0,0
2026-09-25T06:00:00+02:00,home,1.0,0.0,0,20.84,21.0,0
2026-09-25T07:00:00+02:00,home,1.0,0.0,0,21.27,21.0,0
2026-09-25T08:00:00+02:00,away,0.25,0.0,0,21.11,21.0,0
2026-09-25T09:00:00+02:00,away,0.0,0.0,0,20.98,21.0,0
2026-09-25T10:00:00+02:00,away,0.0,0.0,0,20.95,21.0,0
2026-09-25T11:00:00+02:00,away,0.0,0.0,0,20.97,21.0,0
2026-09-25T12:00:00+02:00,away,0.0,0.0,0,20.95,21.0,0
2026-09-25T13:00:00+02:00,away,0.0,0.0,0,20.89,21.0,0
2026-09-25T14:00:00+02:00,away,0.0,0.0,0,20.88,21.0,0
2026-09-25T15:00:00+02:00,away,0.0,0.0,0,20.88,21.0,0
2026-09-25T16:00:00+02:00,away,0.0,0.0,0,20.83,21.0,0
2026-09-25T17:00:00+02:00,away,0.0,0.0,0,20.77,21.0,0
2026-09-25T18:00:00+02:00,away,0.0,0.0,0,21.24,21.0,0
2026-09-25T19:00:00+02:00,away,0.0,0.0,0,21.11,21.0,0
2026-09-25T20:00:00+02:00,away,0.0,0.0,0,20.95,21.0,0
2026-09-25T21:00:00+02:00,away,0.0,0.0,0,20.78,21.0,0
2026-09-25T22:00:00+02:00,away,0.0,0.0,0,21.19,19.5,0
2026-09-25T23:00:00+02:00,home,0.67,0.0,0,21.09,18.0,0
2026-09-26T00:00:00+02:00,home,1.0,0.0,0,20.93,18.0,0
2026-09-26T01:00:00+02:00,home,1.0,0.0,0,20.77,18.0,0
2026-09-26T02:00:00+02:00,home,1.0,0.0,0,20.61,18.0,0
2026-09-26T03:00:00+02:00,home,1.0,0.0,0,20.46,18.0,0
2026-09-26T04:00:00+02:00,home,1.0,0.0,0,20.31,18.0,0
2026-09-26T05:00:00+02:00,home,1.0,0.0,0,20.17,18.0,0
2026-09-26T06:00:00+02:00,home,1.0,0.0,0,21.02,21.0,0
2026-09-26T07:00:00+02:00,home,1.0,0.0,0,21.18,21.0,0
2026-09-26T08:00:00+02:00,home,0.83,0.0,0,21.14,20.2,1
2026-09-26T09:00:00+02:00,away,0.0,0.0,0,21.03,16.0,1
2026-09-26T10:00:00+02:00,away,0.0,0.0,0,20.98,16.0,1
2026-09-26T11:00:00+02:00,away,0.0,0.0,0,21.01,16.0,1
2026-09-26T12:00:00+02:00,away,0.0,0.0,0,21.13,16.0,1
2026-09-26T13:00:00+02:00,away,0.0,0.0,0,21.25,16.0,1
2026-09-26T14:00:00+02:00,away,0.0,0.0,0,21.35,16.0,1
2026-09-26T15:00:00+02:00,away,0.0,0.0,0,21.37,16.0,1
2026-09-26T16:00:00+02:00,away,0.0,0.0,0,21.36,16.0,1
2026-09-26T17:00:00+02:00,away,0.0,0.0,0,21.34,16.0,1
2026-09-26T18:00:00+02:00,away,0.0,0.0,0,21.27,16.0,1
2026-09-26T19:00:00+02:00,away,0.0,0.0,0,21.12,16.0,1
2026-09-26T20:00:00+02:00,away,0.0,0.0,0,20.93,16.0,1
2026-09-26T21:00:00+02:00,away,0.0,0.0,0,20.74,16.0,1
2026-09-26T22:00:00+02:00,away,0.0,0.0,0,20.53,16.0,1
2026-09-26T23:00:00+02:00,away,0.0,0.0,0,20.33,16.0,1
2026-09-27T00:00:00+02:00,away,0.0,0.0,0,20.14,16.0,1
2026-09-27T01:00:00+02:00,away,0.0,0.0,0,19.93,16.0,1
2026-09-27T02:00:00+02:00,away,0.0,0.0,0,19.7,16.0,1
2026-09-27T03:00:00+02:00,away,0.0,0.0,0,19.47,16.0,1
2026-09-27T04:00:00+02:00,away,0.0,0.0,0,19.23,16.0,1
2026-09-27T05:00:00+02:00,away,0.0,0.0,0,18.99,16.0,1
2026-09-27T06:00:00+02:00,away,0.0,0.0,0,18.75,16.0,1
2026-09-27T07:00:00+02:00,away,0.0,0.0,0,18.53,16.0,1
2026-09-27T08:00:00+02:00,away,0.0,0.0,0,18.4,16.0,1
2026-09-27T09:00:00+02:00,away,0.0,0.0,0,18.43,16.0,1
2026-09-27T10:00:00+02:00,away,0.0,0.0,0,18.6,16.0,1
2026-09-27T11:00:00+02:00,away,0.0,0.0,0,18.89,16.0,1
2026-09-27T12:00:00+02:00,away,0.0,0.0,0,19.25,16.0,1
2026-09-27T13:00:00+02:00,away,0.0,0.0,0,19.63,16.0,1
2026-09-27T14:00:00+02:00,away,0.0,0.0,0,20.0,16.0,1
2026-09-27T15:00:00+02:00,away,0.0,0.0,0,20.31,16.0,1
2026-09-27T16:00:00+02:00,away,0.0,0.0,0,20.56,16.0,1
2026-09-27T17:00:00+02:00,away,0.0,0.0,0,20.7,16.0,1
2026-09-27T18:00:00+02:00,away,0.0,0.0,0,20.71,16.0,1
2026-09-27T19:00:00+02:00,home,0.92,0.0,0,21.16,20.6,1
2026-09-27T20:00:00+02:00,home,1.0,0.0,0,21.25,21.0,0
2026-09-27T21:00:00+02:00,home,1.0,0.0,0,21.25,21.0,0
2026-09-27T22:00:00+02:00,home,1.0,0.0,0,21.37,19.5,0
2026-09-27T23:00:00+02:00,home,1.0,0.0,0,21.31,18.0,0
2026-09-28T00:00:00+02:00,home,1.0,0.0,0,21.14,18.0,0
2026-09-28T01:00:00+02:00,home,1.0,0.0,0,20.95,18.0,0
2026-09-28T02:00:00+02:00,home,1.0,0.0,0,20.75,18.0,0
2026-09-28T03:00:00+02:00,home,1.0,0.0,0,20.53,18.0,0
2026-09-28T04:00:00+02:00,home,1.0,0.0,0,20.31,18.0,0
2026-09-28T05:00:00+02:00,home,1.0,0.0,0,20.08,18.0,0
2026-09-28T06:00:00+02:00,home,1.0,0.0,0,20.93,21.0,0
2026-09-28T07:00:00+02:00,home,1.0,0.0,0,21.21,21.0,0
2026-09-28T08:00:00+02:00,away,0.25,0.0,0,21.04,21.0,0
2026-09-28T09:00:00+02:00,away,0.0,0.0,0,20.98,21.0,0
2026-09-28T10:00:00+02:00,away,0.0,0.0,0,21.05,21.0,0
2026-09-28T11:00:00+02:00,away,0.0,0.0,0,21.25,21.0,0
2026-09-28T12:00:00+02:00,away,0.0,0.0,0,21.53,21.0,0
2026-09-28T13:00:00+02:00,away,0.0,0.0,0,21.85,21.0,0
2026-09-28T14:00:00+02:00,away,0.0,0.0,0,22.16,21.0,0
2026-09-28T15:00:00+02:00,away,0.0,0.0,0,22.43,21.0,0
2026-09-28T16:00:00+02:00,away,0.0,0.0,0,22.61,21.0,0
2026-09-28T17:00:00+02:00,away,0.0,0.0,0,22.69,21.0,0
2026-09-28T18:00:00+02:00,away,0.25,0.0,0,22.67,21.0,0
2026-09-28T19:00:00+02:00,away,0.42,0.0,0,22.59,21.0,0
2026-09-28T20:00:00+02:00,home,1.0,0.0,0,22.87,21.0,0
2026-09-28T21:00:00+02:00,home,1.0,0.0,0,23.0,21.0,0
2026-09-28T22:00:00+02:00,home,1.0,0.0,0,23.03,19.5,0
2026-09-28T23:00:00+02:00,home,1.0,0.0,0,23.15,18.0,0
2026-09-29T00:00:00+02:00,home,1.0,0.0,0,23.09,18.0,0
2026-09-29T01:00:00+02:00,home,1.0,0.0,0,22.89,18.0,0
2026-09-29T02:00:00+02:00,home,1.0,0.0,0,22.67,18.0,0
2026-09-29T03:00:00+02:00,home,1.0,0.0,0,22.44,18.0,0
2026-09-29T04:00:00+02:00,home,1.0,0.0,0,22.22,18.0,0
2026-09-29T05:00:00+02:00,home,0.5,0.0,0,22.1,18.0,0
2026-09-29T06:00:00+02:00,away,0.0,0.0,0,21.86,21.0,0
2026-09-29T07:00:00+02:00,away,0.0,0.0,0,21.61,21.0,0
2026-09-29T08:00:00+02:00,away,0.0,0.0,0,21.44,21.0,0
2026-09-29T09:00:00+02:00,away,0.0,0.0,0,21.4,21.0,0
2026-09-29T10:00:00+02:00,away,0.0,0.0,0,21.49,21.0,0
2026-09-29T11:00:00+02:00,away,0.0,0.0,0,21.69,21.0,0
2026-09-29T12:00:00+02:00,away,0.0,0.0,0,21.97,21.0,0
2026-09-29T13:00:00+02:00,away,0.0,0.0,0,22.28,21.0,0
2026-09-29T14:00:00+02:00,away,0.0,0.0,0,22.59,21.0,0
2026-09-29T15:00:00+02:00,away,0.0,0.0,0,22.85,21.0,0
2026-09-29T16:00:00+02:00,away,0.0,0.0,0,23.04,21.0,0
2026-09-29T17:00:00+02:00,away,0.0,0.0,0,23.14,21.0,0
2026-09-29T18:00:00+02:00,away,0.0,0.0,0,23.13,21.0,0
2026-09-29T19:00:00+02:00,away,0.0,0.0,0,23.03,21.0,0
2026-09-29T20:00:00+02:00,away,0.0,0.0,0,22.89,21.0,0
2026-09-29T21:00:00+02:00,away,0.0,0.0,0,22.73,21.0,0
2026-09-29T22:00:00+02:00,away,0.0,0.0,0,22.56,19.5,0
2026-09-29T23:00:00+02:00,away,0.0,0.0,0,22.38,18.0,0
2026-09-30T00:00:00+02:00,away,0.0,0.0,0,22.18,18.0,0
2026-09-30T01:00:00+02:00,away,0.0,0.0,0,21.98,18.0,0
2026-09-30T02:00:00+02:00,away,0.0,0.0,0,21.76,18.0,0
2026-09-30T03:00:00+02:00,away,0.0,0.0,0,21.54,18.0,0
2026-09-30T04:00:00+02:00,away,0.0,0.0,0,21.31,18.0,0
2026-09-30T05:00:00+02:00,away,0.0,0.0,0,21.07,18.0,0
2026-09-30T06:00:00+02:00,away,0.0,0.0,0,20.83,21.0,0
2026-09-30T07:00:00+02:00,away,0.0,0.0,0,21.14,21.0,0
2026-09-30T08:00:00+02:00,away,0.0,0.0,0,21.14,21.0,0
2026-09-30T09:00:00+02:00,away,0.0,0.0,0,21.1,21.0,0
2026-09-30T10:00:00+02:00,away,0.0,0.0,0,21.18,21.0,0
2026-09-30T11:00:00+02:00,away,0.0,0.0,0,21.37,21.0,0
2026-09-30T12:00:00+02:00,away,0.0,0.0,0,21.63,21.0,0
2026-09-30T13:00:00+02:00,away,0.0,0.0,0,21.91,21.0,0
2026-09-30T14:00:00+02:00,away,0.0,0.0,0,22.16,21.0,0
2026-09-30T15:00:00+02:00,away,0.0,0.0,0,22.37,21.0,0
2026-09-30T16:00:00+02:00,away,0.0,0.0,0,22.53,21.0,0
2026-09-30T17:00:00+02:00,away,0.0,0.0,0,22.6,21.0,0
2026-09-30T18:00:00+02:00,away,0.0,0.0,0,22.56,21.0,0
2026-09-30T19:00:00+02:00,away,0.0,0.0,0,22.43,21.0,0
2026-09-30T20:00:00+02:00,away,0.0,0.0,0,22.27,21.0,0
2026-09-30T21:00:00+02:00,away,0.0,0.0,0,22.1,21.0,0
2026-09-30T22:00:00+02:00,away,0.0,0.0,0,21.91,19.5,0
2026-09-30T23:00:00+02:00,away,0.0,0.0,0,21.72,18.0,0
2026-10-01T00:00:00+02:00,away,0.0,0.0,0,21.52,18.0,0
2026-10-01T01:00:00+02:00,away,0.0,0.0,0,21.32,18.0,0
2026-10-01T02:00:00+02:00,away,0.0,0.0,0,21.11,18.0,0
2026-10-01T03:00:00+02:00,away,0.0,0.0,0,20.9,18.0,0
2026-10-01T04:00:00+02:00,away,0.0,0.0,0,20.69,18.0,0
2026-10-01T05:00:00+02:00,away,0.0,0.0,0,20.48,18.0,0
2026-10-01T06:00:00+02:00,away,0.0,0.0,0,21.08,21.0,0
2026-10-01T07:00:00+02:00,away,0.0,0.0,0,21.09,21.0,0
2026-10-01T08:00:00+02:00,away,0.0,0.0,0,20.92,21.0,0
2026-10-01T09:00:00+02:00,away,0.0,0.0,0,20.86,21.0,0
2026-10-01T10:00:00+02:00,away,0.0,0.0,0,20.9,21.0,0
2026-10-01T11:00:00+02:00,away,0.0,0.0,0,21.06,21.0,0
2026-10-01T12:00:00+02:00,away,0.0,0.0,0,21.29,21.0,0
2026-10-01T13:00:00+02:00,away,0.0,0.0,0,21.56,21.0,0
2026-10-01T14:00:00+02:00,away,0.0,0.0,0,21.82,21.0,0
2026-10-01T15:00:00+02:00,away,0.0,0.0,0,22.05,21.0,0
2026-10-01T16:00:00+02:00,away,0.0,0.0,0,22.2,21.0,0
2026-10-01T17:00:00+02:00,away,0.0,0.0,0,22.26,21.0,0
2026-10-01T18:00:00+02:00,away,0.0,0.0,0,22.19,21.0,0
2026-10-01T19:00:00+02:00,away,0.0,0.0,0,22.05,21.0,0
2026-10-01T20:00:00+02:00,away,0.0,0.0,0,21.88,21.0,0
2026-10-01T21:00:00+02:00,away,0.0,0.0,0,21.7,21.0,0
2026-10-01T22:00:00+02:00,away,0.0,0.0,0,21.51,19.5,0
2026-10-01T23:00:00+02:00,away,0.0,0.0,0,21.31,18.0,0
2026-10-02T00:00:00+02:00,away,0.0,0.0,0,21.1,18.0,0
2026-10-02T01:00:00+02:00,away,0.0,0.0,0,20.88,18.0,0
2026-10-02T02:00:00+02:00,away,0.0,0.0,0,20.65,18.0,0
2026-10-02T03:00:00+02:00,away,0.0,0.0,0,20.42,18.0,0
2026-10-02T04:00:00+02:00,away,0.0,0.0,0,20.18,18.0,0
2026-10-02T05:00:00+02:00,away,0.0,0.0,0,19.94,18.0,0
2026-10-02T06:00:00+02:00,away,0.0,0.0,0,20.85,21.0,0
2026-10-02T07:00:00+02:00,away,0.0,0.0,0,21.1,21.0,0
2026-10-02T08:00:00+02:00,away,0.0,0.0,0,20.91,21.0,0
2026-10-02T09:00:00+02:00,away,0.0,0.0,0,20.84,21.0,0
2026-10-02T10:00:00+02:00,away,0.0,0.0,0,20.91,21.0,0
2026-10-02T11:00:00+02:00,away,0.0,0.0,0,21.1,21.0,0
2026-10-02T12:00:00+02:00,away,0.0,0.0,0,21.36,21.0,0
2026-10-02T13:00:00+02:00,away,0.0,0.0,0,21.66,21.0,0
2026-10-02T14:00:00+02:00,away,0.0,0.0,0,21.95,21.0,0
2026-10-02T15:00:00+02:00,away,0.0,0.0,0,22.2,21.0,0
2026-10-02T16:00:00+02:00,away,0.0,0.0,0,22.36,21.0,0
2026-10-02T17:00:00+02:00,away,0.0,0.0,0,22.42,21.0,0
2026-10-02T18:00:00+02:00,away,0.0,0.0,0,22.37,21.0,0
2026-10-02T19:00:00+02:00,away,0.0,0.0,0,22.24,21.0,0
2026-10-02T20:00:00+02:00,away,0.0,0.0,0,22.07,21.0,0
2026-10-02T21:00:00+02:00,away,0.0,0.0,0,21.88,21.0,0
2026-10-02T22:00:00+02:00,away,0.0,0.0,0,21.67,19.5,0
2026-10-02T23:00:00+02:00,away,0.0,0.0,0,21.44,18.0,0
2026-10-03T00:00:00+02:00,away,0.0,0.0,0,21.21,18.0,0
2026-10-03T01:00:00+02:00,away,0.0,0.0,0,20.96,18.0,0
2026-10-03T02:00:00+02:00,away,0.0,0.0,0,20.71,18.0,0
2026-10-03T03:00:00+02:00,away,0.0,0.0,0,20.45,18.0,0
2026-10-03T04:00:00+02:00,away,0.0,0.0,0,20.19,18.0,0
2026-10-03T05:00:00+02:00,away,0.0,0.0,0,19.92,18.0,0
2026-10-03T06:00:00+02:00,away,0.0,0.0,0,20.82,21.0,0
2026-10-03T07:00:00+02:00,away,0.0,0.0,0,21.09,21.0,0
2026-10-03T08:00:00+02:00,away,0.0,0.0,0,20.87,21.0,0
2026-10-03T09:00:00+02:00,away,0.0,0.0,0,20.79,21.0,0
2026-10-03T10:00:00+02:00,away,0.0,0.0,0,20.86,21.0,0
2026-10-03T11:00:00+02:00,away,0.0,0.0,0,21.05,21.0,0
2026-10-03T12:00:00+02:00,away,0.0,0.0,0,21.31,21.0,0
2026-10-03T13:00:00+02:00,away,0.0,0.0,0,21.6,21.0,0
2026-10-03T14:00:00+02:00,away,0.0,0.0,0,21.88,21.0,0
2026-10-03T15:00:00+02:00,away,0.0,0.0,0,22.09,21.0,0
2026-10-03T16:00:00+02:00,away,0.0,0.0,0,22.24,21.0,0
2026-10-03T17:00:00+02:00,away,0.0,0.0,0,22.28,21.0,0
2026-10-03T18:00:00+02:00,away,0.0,0.0,0,22.22,21.0,0
2026-10-03T19:00:00+02:00,away,0.0,0.0,0,22.09,21.0,0
2026-10-03T20:00:00+02:00,away,0.0,0.0,0,21.93,21.0,0
2026-10-03T21:00:00+02:00,away,0.0,0.0,0,21.75,21.0,0
2026-10-03T22:00:00+02:00,away,0.0,0.0,0,21.54,19.5,0
2026-10-03T23:00:00+02:00,away,0.0,0.0,0,21.33,18.0,0
2026-10-04T00:00:00+02:00,away,0.0,0.0,0,21.11,18.0,0
2026-10-04T01:00:00+02:00,away,0.0,0.0,0,20.89,18.0,0
2026-10-04T02:00:00+02:00,away,0.0,0.0,0,20.66,18.0,0
2026-10-04T03:00:00+02:00,away,0.0,0.0,0,20.42,18.0,0
2026-10-04T04:00:00+02:00,away,0.0,0.0,0,20.18,18.0,0
2026-10-04T05:00:00+02:00,away,0.0,0.0,0,19.95,18.0,0
2026-10-04T06:00:00+02:00,away,0.0,0.0,0,20.87,21.0,0
2026-10-04T07:00:00+02:00,away,0.0,0.0,0,21.12,21.0,0
2026-10-04T08:00:00+02:00,away,0.0,0.0,0,20.91,21.0,0
2026-10-04T09:00:00+02:00,away,0.0,0.0,0,20.78,21.0,0
2026-10-04T10:00:00+02:00,away,0.0,0.0,0,20.73,21.0,0
2026-10-04T11:00:00+02:00,away,0.0,0.0,0,20.75,21.0,0
2026-10-04T12:00:00+02:00,away,0.0,0.0,0,20.84,21.0,0
2026-10-04T13:00:00+02:00,away,0.0,0.0,0,20.97,21.0,0
2026-10-04T14:00:00+02:00,away,0.0,0.0,0,21.12,21.0,0
2026-10-04T15:00:00+02:00,away,0.0,0.0,0,21.27,21.0,0
2026-10-04T16:00:00+02:00,away,0.0,0.0,0,21.36,21.0,0
2026-10-04T17:00:00+02:00,away,0.0,0.0,0,21.37,21.0,0
2026-10-04T18:00:00+02:00,away,0.0,0.0,0,21.28,21.0,0
2026-10-04T19:00:00+02:00,away,0.0,0.0,0,21.14,21.0,0
2026-10-04T20:00:00+02:00,away,0.0,0.0,0,20.99,21.0,0
2026-10-04T21:00:00+02:00,away,0.0,0.0,0,20.81,21.0,0
2026-10-04T22:00:00+02:00,away,0.08,0.0,0,21.1,19.5,0
2026-10-04T23:00:00+02:00,home,1.0,0.0,0,21.1,18.0,0
2026-10-05T00:00:00+02:00,home,1.0,0.0,0,20.9,18.0,0
2026-10-05T01:00:00+02:00,home,1.0,0.0,0,20.69,18.0,0
2026-10-05T02:00:00+02:00,home,1.0,0.0,0,20.46,18.0,0
2026-10-05T03:00:00+02:00,home,1.0,0.0,0,20.24,18.0,0
2026-10-05T04:00:00+02:00,home,1.0,0.0,0,20.03,18.0,0
2026-10-05T05:00:00+02:00,home,1.0,0.0,0,19.83,18.0,0
2026-10-05T06:00:00+02:00,home,1.0,0.0,0,20.84,21.0,0
2026-10-05T07:00:00+02:00,home,1.0,0.0,0,21.22,21.0,0
2026-10-05T08:00:00+02:00,home,1.0,0.0,0,21.26,21.0,0
2026-10-05T09:00:00+02:00,home,1.0,0.0,0,21.28,21.0,0
2026-10-05T10:00:00+02:00,home,1.0,0.0,0,21.39,21.0,0
2026-10-05T11:00:00+02:00,home,1.0,0.0,0,21.64,21.0,0
2026-10-05T12:00:00+02:00,home,1.0,0.0,0,21.87,21.0,0
2026-10-05T13:00:00+02:00,home,1.0,0.0,0,22.11,21.0,0
2026-10-05T14:00:00+02:00,home,1.0,0.0,0,22.25,21.0,0
2026-10-05T15:00:00+02:00,home,1.0,0.0,0,23.3,21.0,0
2026-10-05T16:00:00+02:00,home,1.0,0.0,0,23.62,21.0,0
2026-10-05T17:00:00+02:00,home,1.0,0.0,0,23.47,21.0,0
2026-10-05T18:00:00+02:00,home,0.67,0.0,0,23.37,21.0,0
2026-10-05T19:00:00+02:00,away,0.0,0.0,0,23.16,21.0,0
2026-10-05T20:00:00+02:00,away,0.0,0.0,0,22.92,21.0,0
2026-10-05T21:00:00+02:00,home,0.67,0.0,0,22.68,21.0,0
2026-10-05T22:00:00+02:00,home,1.0,0.0,0,22.49,19.5,0
2026-10-05T23:00:00+02:00,home,1.0,0.0,0,22.27,18.0,0
2026-10-06T00:00:00+02:00,home,1.0,0.0,0,22.03,18.0,0
2026-10-06T01:00:00+02:00,home,1.0,0.0,0,21.78,18.0,0
2026-10-06T02:00:00+02:00,home,1.0,0.0,0,21.52,18.0,0
2026-10-06T03:00:00+02:00,home,1.0,0.0,0,21.26,18.0,0
2026-10-06T04:00:00+02:00,home,1.0,0.0,0,20.99,18.0,0
2026-10-06T05:00:00+02:00,home,1.0,0.0,0,20.73,18.0,0
2026-10-06T06:00:00+02:00,home,1.0,0.0,0,21.16,21.0,0
2026-10-06T07:00:00+02:00,home,1.0,0.0,0,21.18,21.0,0
2026-10-06T08:00:00+02:00,away,0.17,0.0,0,20.98,21.0,0
2026-10-06T09:00:00+02:00,away,0.0,0.0,0,20.85,21.0,0
2026-10-06T10:00:00+02:00,away,0.0,0.0,0,20.85,21.0,0
2026-10-06T11:00:00+02:00,away,0.0,0.0,0,20.95,21.0,0
2026-10-06T12:00:00+02:00,away,0.0,0.0,0,21.12,21.0,0
2026-10-06T13:00:00+02:00,away,0.0,0.0,0,21.33,21.0,0
2026-10-06T14:00:00+02:00,away,0.0,0.0,0,21.52,21.0,0
2026-10-06T15:00:00+02:00,away,0.0,0.0,0,21.65,21.0,0
2026-10-06T16:00:00+02:00,away,0.0,0.0,0,21.71,21.0,0
2026-10-06T17:00:00+02:00,away,0.25,0.0,0,21.69,21.0,0
2026-10-06T18:00:00+02:00,home,1.0,0.0,0,21.63,21.0,0
2026-10-06T19:00:00+02:00,home,1.0,0.0,0,21.83,21.0,0
2026-10-06T20:00:00+02:00,home,1.0,0.0,0,21.83,21.0,0
2026-10-06T21:00:00+02:00,home,1.0,0.0,0,21.94,21.0,0
2026-10-06T22:00:00+02:00,home,1.0,0.0,0,22.09,19.5,0
2026-10-06T23:00:00+02:00,home,1.0,0.0,0,21.99,18.0,0
2026-10-07T00:00:00+02:00,home,1.0,0.0,0,21.76,18.0,0
2026-10-07T01:00:00+02:00,home,1.0,0.0,0,21.51,18.0,0
2026-10-07T02:00:00+02:00,home,1.0,0.0,0,21.26,18.0,0
2026-10-07T03:00:00+02:00,home,1.0,0.0,0,21.01,18.0,0
2026-10-07T04:00:00+02:00,home,1.0,0.0,0,20.75,18.0,0
2026-10-07T05:00:00+02:00,home,0.5,0.0,0,20.62,17.0,1
2026-10-07T06:00:00+02:00,away,0.0,0.0,0,20.35,16.0,1
2026-10-07T07:00:00+02:00,away,0.0,0.0,0,20.07,16.0,1
2026-10-07T08:00:00+02:00,away,0.0,0.0,0,19.85,16.0,1
2026-10-07T09:00:00+02:00,away,0.0,0.0,0,19.75,16.0,1
2026-10-07T10:00:00+02:00,away,0.0,0.0,0,19.77,16.0,1
2026-10-07T11:00:00+02:00,away,0.0,0.0,0,19.9,16.0,1
2026-10-07T12:00:00+02:00,away,0.0,0.0,0,20.11,16.0,1
2026-10-07T13:00:00+02:00,away,0.0,0.0,0,20.37,16.0,1
2026-10-07T14:00:00+02:00,away,0.0,0.0,0,20.63,16.0,1
2026-10-07T15:00:00+02:00,away,0.0,0.0,0,20.84,16.0,1
2026-10-07T16:00:00+02:00,away,0.0,0.0,0,20.97,16.0,1
2026-10-07T17:00:00+02:00,away,0.0,0.0,0,21.0,16.0,1
2026-10-07T18:00:00+02:00,away,0.0,0.0,0,20.94,16.0,1
2026-10-07T19:00:00+02:00,away,0.0,0.0,0,20.82,16.0,1
2026-10-07T20:00:00+02:00,away,0.0,0.0,0,20.7,16.0,1
2026-10-07T21:00:00+02:00,away,0.0,0.0,0,20.56,16.0,1
2026-10-07T22:00:00+02:00,away,0.0,0.0,0,20.42,16.0,1
2026-10-07T23:00:00+02:00,away,0.0,0.0,0,20.27,16.0,1
2026-10-08T00:00:00+02:00,away,0.0,0.0,0,20.12,16.0,1
2026-10-08T01:00:00+02:00,away,0.0,0.0,0,19.97,16.0,1
2026-10-08T02:00:00+02:00,away,0.0,0.0,0,19.82,16.0,1
2026-10-08T03:00:00+02:00,away,0.0,0.0,0,19.67,16.0,1
2026-10-08T04:00:00+02:00,away,0.0,0.0,0,19.52,16.0,1
2026-10-08T05:00:00+02:00,away,0.0,0.0,0,19.37,16.0,1
2026-10-08T06:00:00+02:00,away,0.0,0.0,0,19.23,16.0,1
2026-10-08T07:00:00+02:00,away,0.0,0.0,0,19.1,16.0,1
2026-10-08T08:00:00+02:00,away,0.0,0.0,0,19.02,16.0,1
2026-10-08T09:00:00+02:00,away,0.0,0.0,0,19.04,16.0,1
2026-10-08T10:00:00+02:00,away,0.0,0.0,0,19.16,16.0,1
2026-10-08T11:00:00+02:00,away,0.0,0.0,0,19.34,16.0,1
2026-10-08T12:00:00+02:00,away,0.0,0.0,0,19.56,16.0,1
2026-10-08T13:00:00+02:00,away,0.0,0.0,0,19.77,16.0,1
2026-10-08T14:00:00+02:00,away,0.0,0.0,0,19.94,16.0,1
2026-10-08T15:00:00+02:00,away,0.0,0.0,0,20.0,16.0,1
2026-10-08T16:00:00+02:00,away,0.0,0.0,0,19.99,16.0,1
2026-10-08T17:00:00+02:00,away,0.0,0.0,0,19.92,16.0,1
2026-10-08T18:00:00+02:00,away,0.0,0.0,0,19.79,16.0,1
2026-10-08T19:00:00+02:00,away,0.0,0.0,0,19.61,16.0,1
2026-10-08T20:00:00+02:00,away,0.0,0.0,0,19.41,16.0,1
2026-10-08T21:00:00+02:00,away,0.0,0.0,0,19.19,16.0,1
2026-10-08T22:00:00+02:00,away,0.0,0.0,0,18.96,16.0,1
2026-10-08T23:00:00+02:00,away,0.0,0.0,0,18.73,16.0,1
2026-10-09T00:00:00+02:00,away,0.0,0.0,0,18.49,16.0,1
2026-10-09T01:00:00+02:00,away,0.0,0.0,0,18.26,16.0,1
2026-10-09T02:00:00+02:00,away,0.0,0.0,0,18.03,16.0,1
2026-10-09T03:00:00+02:00,away,0.0,0.0,0,17.8,16.0,1
2026-10-09T04:00:00+02:00,away,0.0,0.0,0,17.57,16.0,1
2026-10-09T05:00:00+02:00,away,0.0,0.0,0,17.34,16.0,1
2026-10-09T06:00:00+02:00,away,0.0,0.0,0,17.12,16.0,1
2026-10-09T07:00:00+02:00,away,0.0,0.0,0,16.91,16.0,1
2026-10-09T08:00:00+02:00,away,0.0,0.0,0,16.74,16.0,1
2026-10-09T09:00:00+02:00,away,0.0,0.0,0,16.66,16.0,1
2026-10-09T10:00:00+02:00,away,0.0,0.0,0,16.65,16.0,1
2026-10-09T11:00:00+02:00,away,0.0,0.0,0,16.71,16.0,1
2026-10-09T12:00:00+02:00,away,0.0,0.0,0,16.82,16.0,1
2026-10-09T13:00:00+02:00,away,0.0,0.0,0,16.94,16.0,1
2026-10-09T14:00:00+02:00,away,0.0,0.0,0,17.06,16.0,1
2026-10-09T15:00:00+02:00,away,0.0,0.0,0,17.13,16.0,1
2026-10-09T16:00:00+02:00,away,0.0,0.0,0,17.14,16.0,1
2026-10-09T17:00:00+02:00,away,0.0,0.0,0,17.08,16.0,1
2026-10-09T18:00:00+02:00,away,0.0,0.0,0,16.96,16.0,1
2026-10-09T19:00:00+02:00,away,0.0,0.0,0,16.8,16.0,1
2026-10-09T20:00:00+02:00,away,0.0,0.0,0,16.63,16.0,1
2026-10-09T21:00:00+02:00,away,0.0,0.0,0,16.46,16.0,1
2026-10-09T22:00:00+02:00,home,0.67,0.0,0,16.29,17.8,1
2026-10-09T23:00:00+02:00,home,1.0,0.0,0,16.5,18.0,0
2026-10-10T00:00:00+02:00,home,1.0,0.0,0,18.1,18.0,0
2026-10-10T01:00:00+02:00,home,1.0,0.0,0,18.07,18.0,0
2026-10-10T02:00:00+02:00,home,1.0,0.0,0,17.82,18.0,0
2026-10-10T03:00:00+02:00,home,1.0,0.0,0,18.14,18.0,0
2026-10-10T04:00:00+02:00,home,1.0,0.0,0,18.0,18.0,0
2026-10-10T05:00:00+02:00,home,1.0,0.0,0,17.86,18.0,0
2026-10-10T06:00:00+02:00,home,1.0,0.0,0,19.81,21.0,0
2026-10-10T07:00:00+02:00,home,1.0,0.0,0,21.17,21.0,0
2026-10-10T08:00:00+02:00,home,1.0,0.0,0,21.15,21.0,0
2026-10-10T09:00:00+02:00,away,0.25,0.0,0,21.11,21.0,0
2026-10-10T10:00:00+02:00,away,0.0,0.0,0,21.03,21.0,0
2026-10-10T11:00:00+02:00,home,0.83,0.0,0,21.04,21.0,0
2026-10-10T12:00:00+02:00,away,0.0,0.0,0,21.12,21.0,0
2026-10-10T13:00:00+02:00,away,0.25,0.25,0,21.22,21.0,0
2026-10-10T14:00:00+02:00,home+Paul,1.0,1.0,0,21.37,21.0,0
2026-10-10T15:00:00+02:00,home+Paul,1.0,1.0,0,21.47,21.0,0
2026-10-10T16:00:00+02:00,home+Paul,1.0,1.0,0,21.49,21.0,0
2026-10-10T17:00:00+02:00,home+Paul,1.0,1.0,0,21.43,21.0,0
2026-10-10T18:00:00+02:00,home+Paul,1.0,1.0,5,21.37,21.0,0
2026-10-10T19:00:00+02:00,home+guests,1.0,1.0,5,21.78,21.0,0
2026-10-10T20:00:00+02:00,home+guests,1.0,1.0,5,22.02,21.0,0
2026-10-10T21:00:00+02:00,home+guests,1.0,1.0,5,22.07,21.0,0
2026-10-10T22:00:00+02:00,home+guests,1.0,1.0,5,22.08,19.5,0
2026-10-10T23:00:00+02:00,home+guests,1.0,1.0,5,22.07,18.0,0
2026-10-11T00:00:00+02:00,home+Paul,1.0,1.0,5,22.09,18.0,0
2026-10-11T01:00:00+02:00,home+Paul,1.0,1.0,0,22.07,18.0,0
2026-10-11T02:00:00+02:00,home+Paul,1.0,1.0,0,21.87,18.0,0
2026-10-11T03:00:00+02:00,home+Paul,1.0,1.0,0,21.55,18.0,0
2026-10-11T04:00:00+02:00,home+Paul,1.0,1.0,0,21.22,18.0,0
2026-10-11T05:00:00+02:00,home+Paul,1.0,1.0,0,20.89,18.0,0
2026-10-11T06:00:00+02:00,home+Paul,1.0,1.0,0,21.09,21.0,0
2026-10-11T07:00:00+02:00,home+Paul,1.0,1.0,0,21.01,21.0,0
2026-10-11T08:00:00+02:00,home+Paul,1.0,1.0,0,20.83,21.0,0
2026-10-11T09:00:00+02:00,home+Paul,1.0,1.0,0,21.37,21.0,0
2026-10-11T10:00:00+02:00,away,0.25,0.25,0,21.42,21.0,0
2026-10-11T11:00:00+02:00,away,0.25,0.25,0,21.43,21.0,0
2026-10-11T12:00:00+02:00,home+Paul,1.0,1.0,0,21.76,21.0,0
2026-10-11T13:00:00+02:00,home+Paul,1.0,1.0,0,22.18,21.0,0
2026-10-11T14:00:00+02:00,home+Paul,0.67,1.0,0,22.4,21.0,0
2026-10-11T15:00:00+02:00,Paul only,0.0,1.0,0,22.52,21.0,0
2026-10-11T16:00:00+02:00,Paul only,0.33,1.0,0,22.57,21.0,0
2026-10-11T17:00:00+02:00,home+Paul,1.0,1.0,0,22.58,21.0,0
2026-10-11T18:00:00+02:00,home+Paul,1.0,1.0,0,22.55,21.0,0
2026-10-11T19:00:00+02:00,home+Paul,1.0,1.0,0,22.47,21.0,0
2026-10-11T20:00:00+02:00,home+Paul,1.0,1.0,0,22.38,21.0,0
2026-10-11T21:00:00+02:00,home+Paul,1.0,1.0,0,22.36,21.0,0
2026-10-11T22:00:00+02:00,home+Paul,1.0,1.0,0,22.32,19.5,0
2026-10-11T23:00:00+02:00,home+Paul,1.0,1.0,0,22.16,18.0,0
2026-10-12T00:00:00+02:00,home+Paul,1.0,1.0,0,21.96,18.0,0
2026-10-12T01:00:00+02:00,home+Paul,1.0,1.0,0,21.74,18.0,0
2026-10-12T02:00:00+02:00,home+Paul,1.0,1.0,0,21.51,18.0,0
2026-10-12T03:00:00+02:00,home+Paul,1.0,1.0,0,21.28,18.0,0
2026-10-12T04:00:00+02:00,home+Paul,1.0,1.0,0,21.06,18.0,0
2026-10-12T05:00:00+02:00,home+Paul,1.0,1.0,0,20.84,18.0,0
2026-10-12T06:00:00+02:00,home+Paul,1.0,1.0,0,21.1,21.0,0
2026-10-12T07:00:00+02:00,home+Paul,1.0,1.0,0,21.23,21.0,0
2026-10-12T08:00:00+02:00,home+Paul,1.0,1.0,0,21.16,21.0,0
2026-10-12T09:00:00+02:00,home+Paul,1.0,1.0,0,21.12,21.0,0
2026-10-12T10:00:00+02:00,home+Paul,1.0,1.0,0,21.17,21.0,0
2026-10-12T11:00:00+02:00,home+Paul,1.0,1.0,0,21.31,21.0,0
2026-10-12T12:00:00+02:00,home+Paul,1.0,1.0,0,21.51,21.0,0
2026-10-12T13:00:00+02:00,home+Paul,1.0,1.0,0,21.85,21.0,0
2026-10-12T14:00:00+02:00,home+Paul,1.0,0.5,0,22.1,21.0,0
2026-10-12T15:00:00+02:00,home,1.0,0.0,0,22.53,21.0,0
2026-10-12T16:00:00+02:00,home,1.0,0.0,0,22.76,21.0,0
2026-10-12T17:00:00+02:00,home,1.0,0.0,0,22.78,21.0,0
2026-10-12T18:00:00+02:00,home,1.0,0.0,0,22.73,21.0,0
2026-10-12T19:00:00+02:00,home,1.0,0.0,0,22.92,21.0,0
2026-10-12T20:00:00+02:00,home,1.0,0.0,0,22.83,21.0,0
2026-10-12T21:00:00+02:00,home,1.0,0.0,0,22.88,21.0,0
2026-10-12T22:00:00+02:00,home,1.0,0.0,0,22.95,19.5,0
2026-10-12T23:00:00+02:00,home,1.0,0.0,0,22.74,18.0,0
