timestamp,away_score,people,source,reason,temp_out_c,indoor_temp_c,baseload_kwh,activities_kwh,appliances_kwh,space_heating_kwh,hot_water_kwh,total_real_kwh,total_ideal_kwh,low_kwh,high_kwh,price_eur_kwh,cost_real_eur,cost_ideal_eur
2026-09-28T17:00,100,0,geolocation,phone away from home at 17:00,20.1,22.75,0.0792,0.0,0.0,0.0,0.0,0.0792,0.0642,0.0647,0.0997,0.4,0.0317,0.0257
2026-09-28T18:00,52.9,0.47,habits,usual for weekday 18:00,19.2,22.83,0.1001,0.0826,0.0,0.0,0.0,0.1827,0.1827,0.0811,0.4199,0.4,0.0731,0.0731
2026-09-28T19:00,61.4,0.39,habits,usual for weekday 19:00,17.1,22.85,0.0918,0.1722,0.0,0.0,0.0,0.2639,0.2639,0.1137,0.4469,0.4,0.1056,0.1056
2026-09-28T20:00,57.1,0.43,habits,usual for weekday 20:00,16.1,22.8,0.0821,0.1052,0.0,0.0,0.0,0.1873,0.1873,0.1034,0.2042,0.4,0.0749,0.0749
2026-09-28T21:00,47.9,0.52,habits,usual for weekday 21:00,15.1,22.72,0.1001,0.1187,0.0,0.0,0.0,0.2189,0.2189,0.1337,0.3046,0.4,0.0875,0.0875
2026-09-28T22:00,39.5,0.61,habits,usual for weekday 22:00,14.3,22.62,0.0917,0.0765,0.0,0.0,0.0,0.1682,0.1682,0.1072,0.2756,0.28,0.0471,0.0471
2026-09-28T23:00,27.4,0.73,habits,usual for weekday 23:00,13.5,22.48,0.0763,0.0263,0.0,0.0,0.0,0.1026,0.1026,0.0732,0.1403,0.28,0.0287,0.0287
2026-09-29T00:00,23.7,0.76,habits,usual for weekday 00:00,13.0,22.31,0.0912,0.0098,0.0,0.0,0.0,0.101,0.101,0.0786,0.1206,0.18,0.0182,0.0182
2026-09-29T01:00,26.3,0.74,habits,usual for weekday 01:00,12.3,22.12,0.0846,0.0015,0.0,0.0,0.0,0.0861,0.0861,0.0789,0.0985,0.18,0.0155,0.0155
2026-09-29T02:00,25.3,0.75,habits,usual for weekday 02:00,11.7,21.92,0.0712,0.0,0.0,0.0,0.0,0.0712,0.0712,0.0659,0.0774,0.18,0.0128,0.0128
2026-09-29T03:00,25.3,0.75,habits,usual for weekday 03:00,11.4,21.71,0.0906,0.0,0.0,0.0,0.0,0.0906,0.7588,0.0827,0.0961,0.18,0.0163,0.1366
2026-09-29T04:00,24.0,0.76,habits,usual for weekday 04:00,10.9,21.5,0.084,0.0,0.0,0.0,0.0,0.084,0.104,0.0738,0.0889,0.18,0.0151,0.0187
2026-09-29T05:00,24.4,0.76,habits,usual for weekday 05:00,10.4,21.29,0.0712,0.0398,0.0,0.0,0.0,0.111,0.131,0.0632,0.3161,0.18,0.02,0.0236
2026-09-29T06:00,26.3,0.74,habits,usual for weekday 06:00,9.9,21.09,0.091,0.0852,0.0,0.0,0.0,0.1762,0.1762,0.0805,0.339,0.28,0.0493,0.0493
2026-09-29T07:00,36.1,0.64,habits,usual for weekday 07:00,9.9,21.0,0.0893,0.0955,0.063,0.0931,1.17,1.5109,0.278,1.0863,2.2733,0.28,0.4231,0.0778
2026-09-29T08:00,59.2,0.41,habits,usual for weekday 08:00,11.0,21.0,0.0765,0.0419,0.027,0.0765,0.0,0.2219,0.1949,0.1268,0.4933,0.28,0.0621,0.0546
2026-09-29T09:00,65.8,0.34,habits,usual for weekday 09:00,12.8,21.0,0.0937,0.0269,0.0,0.0029,0.0,0.1236,0.1236,0.0798,0.1508,0.28,0.0346,0.0346
2026-09-29T10:00,64.0,0.36,habits,usual for weekday 10:00,14.8,21.08,0.0881,0.0295,0.0,0.0,0.0,0.1176,0.1176,0.0733,0.1465,0.28,0.0329,0.0329
2026-09-29T11:00,63.2,0.37,habits,usual for weekday 11:00,16.9,21.27,0.0755,0.0234,0.0,0.0,0.0,0.099,0.099,0.0622,0.1321,0.28,0.0277,0.0277
2026-09-29T12:00,64.5,0.36,habits,usual for weekday 12:00,18.4,21.57,0.0943,0.0705,0.0,0.0,0.0,0.1648,0.1648,0.0785,0.2457,0.28,0.0461,0.0461
2026-09-29T13:00,62.8,0.37,habits,usual for weekday 13:00,19.4,21.92,0.0885,0.0286,0.0,0.0,0.0,0.1171,0.1171,0.0732,0.1815,0.28,0.0328,0.0328
2026-09-29T14:00,66.2,0.34,habits,usual for weekday 14:00,20.0,22.26,0.077,0.0193,0.0,0.0,0.0,0.0963,0.0963,0.0591,0.1454,0.28,0.027,0.027
2026-09-29T15:00,71.8,0.28,habits,usual for weekday 15:00,20.3,22.57,0.0951,0.0205,0.0,0.0,0.0,0.1156,0.1156,0.0781,0.1693,0.28,0.0324,0.0324
2026-09-29T16:00,67.1,0.33,habits,usual for weekday 16:00,20.4,22.81,0.0894,0.0145,0.0,0.0,0.0,0.104,0.104,0.0763,0.1362,0.28,0.0291,0.0291
2026-09-29T17:00,68.6,0.31,habits,usual for weekday 17:00,20.2,22.97,0.0792,0.0234,0.0,0.0,0.0,0.1026,0.1026,0.0647,0.2191,0.4,0.041,0.041
2026-09-29T18:00,52.9,0.47,habits,usual for weekday 18:00,19.2,23.05,0.1001,0.0826,0.0,0.0,0.0,0.1827,0.1827,0.0811,0.4199,0.4,0.0731,0.0731
2026-09-29T19:00,61.4,0.39,habits,usual for weekday 19:00,17.0,23.06,0.0918,0.1722,0.0,0.0,0.0,0.2639,0.2639,0.1137,0.4469,0.4,0.1056,0.1056
2026-09-29T20:00,57.1,0.43,habits,usual for weekday 20:00,15.7,23.0,0.0821,0.1052,0.0,0.0,0.0,0.1873,0.1873,0.1034,0.2042,0.4,0.0749,0.0749
2026-09-29T21:00,47.9,0.52,habits,usual for weekday 21:00,15.0,22.92,0.1001,0.1187,0.021,0.0,0.0,0.2399,0.2189,0.1337,0.4446,0.4,0.0959,0.0875
2026-09-29T22:00,39.5,0.61,habits,usual for weekday 22:00,14.3,22.81,0.0917,0.0765,0.009,0.0,0.0,0.1772,0.1682,0.1072,0.3356,0.28,0.0496,0.0471
2026-09-29T23:00,27.4,0.73,habits,usual for weekday 23:00,13.8,22.67,0.0763,0.0263,0.0,0.0,0.0,0.1026,0.1026,0.0732,0.1403,0.28,0.0287,0.0287
2026-09-30T00:00,23.7,0.76,habits,usual for weekday 00:00,13.1,22.5,0.0912,0.0098,0.0,0.0,0.0,0.101,0.101,0.0786,0.1206,0.18,0.0182,0.0182
2026-09-30T01:00,26.3,0.74,habits,usual for weekday 01:00,12.5,22.32,0.0846,0.0015,0.0,0.0,0.0,0.0861,0.0861,0.0789,0.0985,0.18,0.0155,0.0155
2026-09-30T02:00,25.3,0.75,habits,usual for weekday 02:00,11.8,22.11,0.0712,0.0,0.0,0.0,0.0,0.0712,0.0712,0.0659,0.0774,0.18,0.0128,0.0128
2026-09-30T03:00,25.3,0.75,habits,usual for weekday 03:00,11.4,21.9,0.0906,0.0,0.0,0.0,0.0,0.0906,1.0699,0.0827,0.0961,0.18,0.0163,0.1926
2026-09-30T04:00,24.0,0.76,habits,usual for weekday 04:00,10.9,21.69,0.084,0.0,0.0,0.0,0.0,0.084,0.188,0.0738,0.0889,0.18,0.0151,0.0338
2026-09-30T05:00,24.4,0.76,habits,usual for weekday 05:00,10.4,21.47,0.0712,0.0398,0.0,0.0,0.0,0.111,0.167,0.0632,0.3161,0.18,0.02,0.0301
2026-09-30T06:00,26.3,0.74,habits,usual for weekday 06:00,10.0,21.26,0.091,0.0852,0.0,0.0,0.0,0.1762,0.1762,0.0805,0.339,0.28,0.0493,0.0493
2026-09-30T07:00,36.1,0.64,habits,usual for weekday 07:00,10.4,21.11,0.0893,0.0955,0.105,0.0,1.0193,1.3092,0.1848,0.8913,1.9808,0.28,0.3666,0.0518
2026-09-30T08:00,59.2,0.41,habits,usual for weekday 08:00,11.3,21.01,0.0765,0.0419,0.045,0.0353,0.0,0.1986,0.1536,0.0938,0.4439,0.28,0.0556,0.043
2026-09-30T09:00,65.8,0.34,habits,usual for weekday 09:00,12.9,21.0,0.0937,0.0269,0.0,0.0043,0.0,0.125,0.125,0.0809,0.1525,0.28,0.035,0.035
2026-09-30T10:00,64.0,0.36,habits,usual for weekday 10:00,14.6,21.06,0.0881,0.0295,0.0,0.0,0.0,0.1176,0.1176,0.0733,0.1465,0.28,0.0329,0.0329
2026-09-30T11:00,63.2,0.37,habits,usual for weekday 11:00,16.6,21.23,0.0755,0.0234,0.0,0.0,0.0,0.099,0.099,0.0622,0.1321,0.28,0.0277,0.0277
2026-09-30T12:00,64.5,0.36,habits,usual for weekday 12:00,18.4,21.5,0.0943,0.0705,0.0,0.0,0.0,0.1648,0.1648,0.0785,0.2457,0.28,0.0461,0.0461
2026-09-30T13:00,62.8,0.37,habits,usual for weekday 13:00,19.4,21.82,0.0885,0.0286,0.0,0.0,0.0,0.1171,0.1171,0.0732,0.1815,0.28,0.0328,0.0328
2026-09-30T14:00,66.2,0.34,habits,usual for weekday 14:00,19.9,22.11,0.077,0.0193,0.0,0.0,0.0,0.0963,0.0963,0.0591,0.1454,0.28,0.027,0.027
2026-09-30T15:00,71.8,0.28,habits,usual for weekday 15:00,20.3,22.36,0.0951,0.0205,0.0,0.0,0.0,0.1156,0.1156,0.0781,0.1693,0.28,0.0324,0.0324
2026-09-30T16:00,67.1,0.33,habits,usual for weekday 16:00,20.3,22.57,0.0894,0.0145,0.0,0.0,0.0,0.104,0.104,0.0763,0.1362,0.28,0.0291,0.0291
2026-09-30T17:00,68.6,0.31,habits,usual for weekday 17:00,19.4,22.69,0.0792,0.0234,0.0,0.0,0.0,0.1026,0.1026,0.0647,0.2191,0.4,0.041,0.041
2026-09-30T18:00,52.9,0.47,habits,usual for weekday 18:00,17.5,22.73,0.1001,0.0826,0.0,0.0,0.0,0.1827,0.1827,0.0811,0.4199,0.4,0.0731,0.0731
2026-09-30T19:00,61.4,0.39,habits,usual for weekday 19:00,15.6,22.7,0.0918,0.1722,0.0,0.0,0.0,0.2639,0.2639,0.1137,0.4469,0.4,0.1056,0.1056
2026-09-30T20:00,57.1,0.43,habits,usual for weekday 20:00,14.3,22.61,0.0821,0.1052,0.0,0.0,0.0,0.1873,0.1873,0.1034,0.2042,0.4,0.0749,0.0749
2026-09-30T21:00,47.9,0.52,habits,usual for weekday 21:00,13.7,22.51,0.1001,0.1187,0.035,0.0,0.0,0.2539,0.2189,0.1337,0.4446,0.4,0.1015,0.0875
2026-09-30T22:00,39.5,0.61,habits,usual for weekday 22:00,13.2,22.39,0.0917,0.0765,0.015,0.0,0.0,0.1832,0.1682,0.1072,0.3356,0.28,0.0513,0.0471
2026-09-30T23:00,27.4,0.73,habits,usual for weekday 23:00,12.7,22.23,0.0763,0.0263,0.0,0.0,0.0,0.1026,0.1026,0.0732,0.1403,0.28,0.0287,0.0287
2026-10-01T00:00,23.7,0.76,habits,usual for weekday 00:00,12.2,22.04,0.0912,0.0098,0.0,0.0,0.0,0.101,0.101,0.0786,0.1206,0.18,0.0182,0.0182
2026-10-01T01:00,26.3,0.74,habits,usual for weekday 01:00,12.0,21.85,0.0846,0.0015,0.0,0.0,0.0,0.0861,0.0861,0.0789,0.0985,0.18,0.0155,0.0155
2026-10-01T02:00,25.3,0.75,habits,usual for weekday 02:00,11.6,21.65,0.0712,0.0,0.0,0.0,0.0,0.0712,0.0712,0.0659,0.0774,0.18,0.0128,0.0128
2026-10-01T03:00,25.3,0.75,habits,usual for weekday 03:00,11.4,21.45,0.0906,0.0,0.0,0.0,0.0,0.0906,1.0699,0.0827,0.0961,0.18,0.0163,0.1926
2026-10-01T04:00,24.0,0.76,habits,usual for weekday 04:00,11.1,21.25,0.084,0.0,0.0,0.0,0.0,0.084,0.244,0.0738,0.0889,0.18,0.0151,0.0439
2026-10-01T05:00,24.4,0.76,habits,usual for weekday 05:00,10.7,21.05,0.0712,0.0398,0.0,0.0,0.0,0.111,0.191,0.0632,0.3161,0.18,0.02,0.0344
2026-10-01T06:00,26.3,0.74,habits,usual for weekday 06:00,10.4,21.0,0.091,0.0852,0.0,0.1306,0.0,0.3069,0.3069,0.185,0.4958,0.28,0.0859,0.0859
2026-10-01T07:00,36.1,0.64,habits,usual for weekday 07:00,10.3,21.0,0.0893,0.0955,0.196,0.0578,1.0193,1.458,0.4386,0.9375,2.1902,0.28,0.4082,0.1228
2026-10-01T08:00,59.2,0.41,habits,usual for weekday 08:00,11.0,21.0,0.0765,0.0419,0.084,0.0696,0.0,0.272,0.272,0.1213,0.5451,0.28,0.0762,0.0762
2026-10-01T09:00,65.8,0.34,habits,usual for weekday 09:00,12.4,21.0,0.0937,0.0269,0.0,0.0226,0.0,0.1433,0.1433,0.0956,0.1745,0.28,0.0401,0.0401
2026-10-01T10:00,64.0,0.36,habits,usual for weekday 10:00,14.0,21.03,0.0881,0.0295,0.0,0.0,0.0,0.1176,0.1176,0.0733,0.1465,0.28,0.0329,0.0329
2026-10-01T11:00,63.2,0.37,habits,usual for weekday 11:00,15.9,21.17,0.0755,0.0234,0.0,0.0,0.0,0.099,0.099,0.0622,0.1321,0.28,0.0277,0.0277
2026-10-01T12:00,64.5,0.36,habits,usual for weekday 12:00,17.3,21.4,0.0943,0.0705,0.0,0.0,0.0,0.1648,0.1648,0.0785,0.2457,0.28,0.0461,0.0461
2026-10-01T13:00,62.8,0.37,habits,usual for weekday 13:00,18.2,21.69,0.0885,0.0286,0.0,0.0,0.0,0.1171,0.1171,0.0732,0.1815,0.28,0.0328,0.0328
2026-10-01T14:00,66.2,0.34,habits,usual for weekday 14:00,18.5,21.97,0.077,0.0193,0.0,0.0,0.0,0.0963,0.0963,0.0591,0.1454,0.28,0.027,0.027
2026-10-01T15:00,71.8,0.28,habits,usual for weekday 15:00,18.7,22.24,0.0951,0.0205,0.0,0.0,0.0,0.1156,0.1156,0.0781,0.1693,0.28,0.0324,0.0324
2026-10-01T16:00,67.1,0.33,habits,usual for weekday 16:00,18.4,22.44,0.0894,0.0145,0.0,0.0,0.0,0.104,0.104,0.0763,0.1362,0.28,0.0291,0.0291
